0.pcd -8.13066e-06 -1.31794e-05 0.000457806 0.999865 -0.00322745 -0.0161277 3.25549e-06
1.pcd 0.510612 0.0104425 0.028522 0.99987 -0.000463552 -0.0160927 -0.000730931
2.pcd 1.0274 0.0052552 0.0274904 0.999881 0.000431433 -0.0152211 -0.00254826
3.pcd 1.55152 -0.00388896 0.0255334 0.999854 0.00292812 -0.0159374 -0.00533141
4.pcd 2.08943 -0.0164257 0.0266663 0.999847 0.00663649 -0.0142377 -0.00766876
5.pcd 2.62508 -0.0311483 0.0220276 0.99981 0.00860683 -0.0137816 -0.0107332
6.pcd 3.14866 -0.0459911 0.0194333 0.999765 0.00939895 -0.0132119 -0.0143948
7.pcd 3.6636 -0.0649236 0.0217266 0.999691 0.00703092 -0.0153921 -0.0182245
8.pcd 4.17866 -0.0878413 0.0170747 0.999681 0.00499097 -0.0126321 -0.0212955
9.pcd 4.69264 -0.114298 0.0133639 0.999649 0.00346136 -0.0103906 -0.024138
10.pcd 5.21342 -0.144175 0.00717298 0.999591 0.00378819 -0.0105091 -0.026321
11.pcd 5.75206 -0.178229 0.00459616 0.999506 0.00575804 -0.00979373 -0.0292889
12.pcd 6.2814 -0.216611 -0.00481626 0.99944 0.00610559 -0.00885682 -0.0316912
13.pcd 6.7846 -0.250572 -0.008944 0.999335 0.00719314 -0.00938256 -0.0344958
14.pcd 7.31614 -0.289232 -0.0173512 0.999232 0.00719913 -0.00952631 -0.0373322
15.pcd 7.84744 -0.329411 -0.0189397 0.999061 0.00635906 -0.0115557 -0.0412715
16.pcd 8.3857 -0.373156 -0.0267515 0.998948 0.00416801 -0.0091509 -0.0447455
17.pcd 8.92998 -0.420314 -0.0334202 0.998812 0.00274527 -0.00766611 -0.0480475
18.pcd 9.42982 -0.477119 -0.0416017 0.998654 0.00293325 -0.00696435 -0.0513059
19.pcd 9.93108 -0.537467 -0.0493579 0.998537 0.00377925 -0.00868676 -0.0532437
20.pcd 10.4387 -0.59944 -0.051152 0.99834 0.00336161 -0.0112046 -0.0563914
21.pcd 10.9433 -0.658886 -0.0581035 0.998195 0.00238205 -0.00997931 -0.0591661
22.pcd 11.4458 -0.723965 -0.0617327 0.998009 0.00380254 -0.00976544 -0.0621942
23.pcd 11.9494 -0.787927 -0.0671569 0.997887 0.00611909 -0.00970782 -0.0639443
24.pcd 12.4524 -0.857734 -0.0772547 0.997736 0.00629168 -0.00901182 -0.0663556
25.pcd 12.9567 -0.933169 -0.079713 0.997547 0.00678935 -0.0110061 -0.0687977
26.pcd 13.4607 -1.00681 -0.0849772 0.997315 0.00633583 -0.0114606 -0.0720522
27.pcd 13.9601 -1.08311 -0.0911621 0.997155 0.00845985 -0.00970326 -0.0742645
28.pcd 14.4592 -1.16037 -0.0976134 0.99693 0.00959425 -0.010695 -0.0769706
29.pcd 14.9761 -1.19528 -0.103364 0.999843 0.0079217 -0.00601032 -0.014645
30.pcd 15.5097 -1.18856 -0.109739 0.999887 0.00951667 -0.0080213 0.00848519
31.pcd 16.0379 -1.20826 -0.111738 0.999649 0.00757718 -0.011384 -0.0226827
32.pcd 16.5421 -1.2465 -0.118712 0.999383 0.0107754 -0.00846119 -0.0323277
33.pcd 17.0841 -1.28901 -0.126486 0.999075 0.0121894 -0.00796202 -0.0404509
34.pcd 17.6158 -1.34699 -0.134934 0.998762 0.0119187 -0.00657925 -0.0478486
35.pcd 18.1213 -1.39994 -0.144527 0.998524 0.0116 -0.00480678 -0.0528433
36.pcd 18.626 -1.45578 -0.154329 0.998351 0.00956523 -0.00484316 -0.05639
37.pcd 19.1257 -1.52136 -0.163878 0.998236 0.00836759 -0.00485882 -0.0585837
38.pcd 19.6389 -1.55849 -0.167407 0.999591 0.00825096 -0.00979318 -0.0255607
39.pcd 20.0297 -1.53056 -0.167025 0.997082 0.00801145 -0.0082744 0.0754699
40.pcd 20.017 -1.48907 -0.166217 0.984321 0.0112856 -0.00899108 0.175797
41.pcd 19.9992 -1.4624 -0.165817 0.963994 0.0134921 -0.00909532 0.265426
42.pcd 19.9724 -1.43228 -0.166136 0.934971 0.0152802 -0.00840831 0.354296
43.pcd 19.9413 -1.41081 -0.163879 0.899353 0.0165448 -0.00972468 0.436803
44.pcd 19.8983 -1.39126 -0.164229 0.855576 0.0166623 -0.00945127 0.517323
45.pcd 19.8552 -1.38267 -0.162296 0.798789 0.0173923 -0.0103986 0.60127
46.pcd 19.8654 -1.20274 -0.157242 0.742583 0.01897 -0.0125219 0.669368
47.pcd 19.8734 -0.694136 -0.150332 0.7155 0.0161365 -0.0103953 0.698349
48.pcd 19.8795 -0.151774 -0.146508 0.707994 0.0177195 -0.0100742 0.705924
49.pcd 19.8859 0.350889 -0.138832 0.705189 0.0228631 -0.0110191 0.708565
50.pcd 19.8882 0.878442 -0.134352 0.705316 0.0213916 -0.00921286 0.70851
51.pcd 19.8827 1.39342 -0.130662 0.706801 0.0210944 -0.00941955 0.707035
52.pcd 19.8901 1.90717 -0.121488 0.708266 0.0222706 -0.0104147 0.705517
53.pcd 19.926 1.97258 -0.118917 0.768167 0.0214402 -0.0107432 0.6398
54.pcd 19.9763 1.97224 -0.118752 0.829964 0.0197332 -0.0130033 0.557317
55.pcd 20.0163 1.96671 -0.119123 0.875909 0.018878 -0.0140237 0.481903
56.pcd 20.0664 1.95388 -0.123045 0.921665 0.0164475 -0.0118973 0.387455
57.pcd 20.1106 1.9276 -0.122616 0.958251 0.0153547 -0.0110437 0.285302
58.pcd 20.1614 1.88902 -0.124407 0.984007 0.0137242 -0.0108597 0.177265
59.pcd 20.2018 1.84792 -0.123962 0.997257 0.0106759 -0.0105068 0.0724855
60.pcd 20.2078 1.80713 -0.125353 0.99949 0.0088723 -0.0122716 -0.0281228
61.pcd 20.7263 1.80254 -0.130913 0.999892 0.00952794 -0.0107801 -0.00304778
62.pcd 21.2334 1.804 -0.139979 0.999859 0.0119163 -0.0103669 0.00563802
63.pcd 21.7435 1.81429 -0.146616 0.999876 0.0120386 -0.00721234 0.00709033
64.pcd 22.2783 1.82101 -0.148606 0.999846 0.0114651 -0.0118877 0.00600605
65.pcd 22.8159 1.79541 -0.160828 0.999617 0.0104663 -0.00636351 -0.0248028
66.pcd 23.3219 1.74554 -0.165126 0.998858 0.010723 -0.00902767 -0.0456759
67.pcd 23.8453 1.68622 -0.177387 0.998293 0.0114792 -0.00801059 -0.0567074
68.pcd 24.3445 1.61531 -0.183519 0.997764 0.0107381 -0.00970691 -0.0652453
69.pcd 24.8486 1.54452 -0.189388 0.997386 0.00907813 -0.00924547 -0.0710918
70.pcd 25.3471 1.48218 -0.197105 0.998364 0.00908356 -0.00773276 -0.0559244
71.pcd 25.8903 1.44191 -0.207567 0.999314 0.0128413 -0.0103167 -0.0331837
72.pcd 26.439 1.41442 -0.217873 0.999638 0.0128023 -0.00720671 -0.0225327
73.pcd 26.9427 1.39474 -0.223153 0.999667 0.012636 -0.0106586 -0.0198236
74.pcd 27.4563 1.37141 -0.231725 0.999693 0.0125437 -0.00835388 -0.0196547
75.pcd 27.9585 1.34931 -0.24545 0.999647 0.0119694 -0.00900301 -0.021939
76.pcd 28.4659 1.32047 -0.252332 0.999594 0.0130844 -0.00784558 -0.0240641
77.pcd 28.9781 1.29212 -0.258607 0.999508 0.0139499 -0.00802602 -0.0269055
78.pcd 29.4783 1.25904 -0.268793 0.999435 0.0145582 -0.00738584 -0.0293801
79.pcd 29.9943 1.22874 -0.278437 0.99937 0.0136995 -0.00672299 -0.0320477
80.pcd 30.4998 1.18584 -0.286461 0.999304 0.0126862 -0.00781359 -0.0342126
81.pcd 31.0124 1.14648 -0.294394 0.999131 0.0126092 -0.00973735 -0.0385039
82.pcd 31.5146 1.10661 -0.300895 0.999063 0.0120812 -0.00821088 -0.0407427
83.pcd 32.0281 1.06087 -0.312288 0.998983 0.010062 -0.00635107 -0.0434898
84.pcd 32.5358 1.00933 -0.319093 0.998831 0.00970076 -0.00949118 -0.0463876
85.pcd 33.0409 0.957883 -0.326081 0.998674 0.00578939 -0.0106037 -0.0500504
86.pcd 33.549 0.906779 -0.333756 0.99852 0.00404198 -0.00807624 -0.0536365
87.pcd 34.0526 0.841811 -0.342761 0.998397 0.00490535 -0.00921368 -0.0556205
88.pcd 34.5612 0.782091 -0.348351 0.998222 0.00675981 -0.00945274 -0.0584638
89.pcd 35.0671 0.722084 -0.355772 0.998073 0.00852203 -0.0110001 -0.0604653
90.pcd 35.5697 0.655367 -0.362003 0.997947 0.00868311 -0.0101763 -0.0626376
91.pcd 36.0751 0.587521 -0.369228 0.997838 0.00675544 -0.0101769 -0.0645713
92.pcd 36.595 0.549575 -0.375549 0.99947 0.00621739 -0.0111207 -0.0299729
93.pcd 37.1387 0.52904 -0.380642 0.999821 0.00796828 -0.0120699 -0.0121601
94.pcd 37.649 0.526935 -0.382193 0.999884 0.00888666 -0.0115456 -0.00432649
95.pcd 38.1564 0.523176 -0.388279 0.999916 0.00954671 -0.00830471 -0.00278062
96.pcd 38.6688 0.515098 -0.398323 0.999898 0.0110958 -0.00821066 -0.00363163
97.pcd 39.1745 0.510932 -0.400968 0.99983 0.011494 -0.01313 -0.00592722
98.pcd 39.6835 0.5034 -0.404741 0.999833 0.0117527 -0.0118237 -0.00744701
99.pcd 40.1927 0.490357 -0.413754 0.999858 0.00789624 -0.0102803 -0.0107555
100.pcd 40.7065 0.473601 -0.417659 0.999851 0.00822493 -0.00830226 -0.012701
101.pcd 41.2103 0.461077 -0.426749 0.999804 0.00642817 -0.0105137 -0.0155193
102.pcd 41.7218 0.443714 -0.432625 0.999761 0.00738708 -0.0101508 -0.0179209
103.pcd 42.2264 0.421304 -0.437154 0.999705 0.00910287 -0.00981805 -0.0202463
104.pcd 42.7357 0.395912 -0.44776 0.999663 0.00763894 -0.00767265 -0.0235752
105.pcd 43.2453 0.368336 -0.452462 0.999583 0.0077901 -0.00901762 -0.0262859
106.pcd 43.7556 0.339565 -0.457072 0.99949 0.00884498 -0.0104226 -0.0288506
107.pcd 44.2592 0.304306 -0.464384 0.999405 0.0108999 -0.00961293 -0.0312944
108.pcd 44.7698 0.264921 -0.473809 0.99931 0.0116116 -0.00823999 -0.0342942
109.pcd 45.276 0.226439 -0.48633 0.999201 0.0119193 -0.00513561 -0.0378083
110.pcd 45.7804 0.179375 -0.485896 0.998939 0.0105236 -0.018171 -0.0409831
111.pcd 46.2872 0.130022 -0.490086 0.998903 0.0102147 -0.011006 -0.0443564
112.pcd 46.7945 0.0853709 -0.49686 0.998774 0.00957239 -0.0108205 -0.0473415
113.pcd 47.2988 0.0337665 -0.503955 0.998661 0.00735536 -0.00923016 -0.0503602
114.pcd 47.809 -0.0269482 -0.515504 0.998613 0.00676498 -0.00743385 -0.0516804
115.pcd 48.3137 -0.0806574 -0.522197 0.99849 0.00660432 -0.0095938 -0.0536795
116.pcd 48.82 -0.140691 -0.531346 0.998373 0.00603356 -0.0093156 -0.0559277
117.pcd 49.3267 -0.201432 -0.540303 0.998217 0.00723624 -0.0110935 -0.0581949
118.pcd 49.8324 -0.260802 -0.543391 0.998172 0.00852076 -0.0115458 -0.0587136
119.pcd 50.3387 -0.267345 -0.547894 0.999722 0.00710028 -0.00935788 0.020436
120.pcd 50.3626 -0.20032 -0.545007 0.993692 0.00605288 -0.00902579 0.111619
121.pcd 50.3534 -0.14516 -0.545243 0.97576 0.00569054 -0.00960955 0.218558
122.pcd 50.3213 -0.0976216 -0.543213 0.946178 0.00785282 -0.0106779 0.323374
123.pcd 50.2813 -0.0680815 -0.541343 0.905753 0.0100844 -0.0106382 0.423553
124.pcd 50.2396 -0.0426699 -0.54208 0.85531 0.0125555 -0.009732 0.517873
125.pcd 50.1849 -0.0244175 -0.544131 0.795455 0.0132432 -0.0089272 0.605802
126.pcd 50.1483 -0.0212359 -0.543234 0.736552 0.0138663 -0.00857775 0.676185
127.pcd 50.128 0.509194 -0.540344 0.699402 0.0146875 -0.0091336 0.714519
128.pcd 50.1091 1.01671 -0.539899 0.692481 0.0147531 -0.00877712 0.721232
129.pcd 50.0895 1.53523 -0.53504 0.704541 0.0153558 -0.00789296 0.709453
130.pcd 50.1478 1.58148 -0.539141 0.76755 0.0147952 -0.00755993 0.640774
131.pcd 50.2017 1.58556 -0.536456 0.831312 0.0141993 -0.00904917 0.555551
132.pcd 50.2514 1.56906 -0.535164 0.887596 0.0129999 -0.0106117 0.460317
133.pcd 50.2966 1.54382 -0.534434 0.932737 0.0125025 -0.0118208 0.360147
134.pcd 50.3508 1.49935 -0.537583 0.967083 0.0103441 -0.0111152 0.254009
135.pcd 50.394 1.44606 -0.534852 0.989051 0.00851394 -0.011091 0.146909
136.pcd 50.4304 1.38387 -0.538787 0.998807 0.00653315 -0.0118873 0.0469074
137.pcd 50.9328 1.33531 -0.550057 0.999774 0.00621 -0.00990464 -0.0177729
138.pcd 51.4398 1.30962 -0.557124 0.999685 0.0049857 -0.0105406 -0.0222344
139.pcd 51.9498 1.28335 -0.565373 0.999618 0.00368165 -0.0099669 -0.0255171
140.pcd 52.4593 1.25164 -0.57014 0.999538 0.00463891 -0.00951192 -0.0285046
141.pcd 52.9624 1.21541 -0.57797 0.999472 0.00568593 -0.0077934 -0.0310256
142.pcd 53.4707 1.17267 -0.585482 0.999376 0.00612507 -0.0105666 -0.0331517
143.pcd 53.9856 1.13109 -0.59109 0.999225 0.00557465 -0.0113079 -0.037295
144.pcd 54.4906 1.09562 -0.597816 0.999129 0.0049827 -0.0104605 -0.0400798
145.pcd 54.9924 1.05732 -0.60225 0.999057 0.00485195 -0.0119437 -0.0414704
146.pcd 55.505 1.00652 -0.605999 0.998884 0.00410916 -0.0135291 -0.0450539
147.pcd 56.0171 0.967882 -0.612631 0.999459 0.00492189 -0.00898494 -0.0312528
148.pcd 56.5172 1.02366 -0.623845 0.99813 0.00397208 -0.0097116 0.0602159
149.pcd 57.0047 1.14714 -0.627019 0.994032 0.00471837 -0.0117487 0.108349
150.pcd 57.541 1.26532 -0.630703 0.992496 0.00716671 -0.00963852 0.121682
151.pcd 58.0298 1.38734 -0.638194 0.992069 0.0065613 -0.00893321 0.125205
152.pcd 58.519 1.50596 -0.641847 0.99166 0.00587123 -0.0107928 0.128297
153.pcd 59.0043 1.63726 -0.647333 0.991547 0.00669356 -0.00906201 0.129258
154.pcd 59.5016 1.7634 -0.651736 0.991385 0.00698105 -0.00888603 0.130493
155.pcd 60.0203 1.94308 -0.652967 0.985147 0.0042118 -0.00801989 0.171474
156.pcd 60.5125 2.15484 -0.657563 0.97792 0.00252765 -0.0083608 0.208796
157.pcd 60.969 2.44357 -0.662864 0.960008 0.00279177 -0.00813172 0.27984
158.pcd 61.3985 2.78534 -0.66496 0.939678 0.00458004 -0.0111823 0.341846
159.pcd 61.7566 3.19886 -0.66242 0.914199 0.00630187 -0.0122005 0.405033
160.pcd 62.1198 3.61167 -0.658587 0.904781 0.0112879 -0.0121921 0.425552
161.pcd 62.4097 4.02193 -0.656013 0.885788 0.010389 -0.00880706 0.463891
162.pcd 62.5466 4.3577 -0.655304 0.837835 0.0108085 -0.00966438 0.545731
163.pcd 62.5965 4.63777 -0.656473 0.78663 0.0100592 -0.00752334 0.617296
164.pcd 62.6108 4.84425 -0.657183 0.729001 0.0121893 -0.00587277 0.684379
165.pcd 62.5918 4.87529 -0.658407 0.665435 0.0131012 -0.00498655 0.746324
166.pcd 62.5366 4.8453 -0.655351 0.582571 0.0144827 -0.00444216 0.812639
167.pcd 62.496 4.81672 -0.654662 0.490068 0.0158282 -0.00472818 0.871528
168.pcd 62.27 5.02342 -0.651594 0.409157 0.0161531 -0.00358596 0.912314
169.pcd 61.8771 5.3778 -0.64572 0.354775 0.0191343 -0.00329116 0.93475
170.pcd 61.4851 5.70184 -0.639453 0.339975 0.0198489 -0.00460881 0.940214
171.pcd 61.0881 6.0375 -0.634015 0.347774 0.024936 0.00030186 0.937247
172.pcd 60.8736 6.33074 -0.628079 0.442262 0.0283439 0.000234274 0.896438
173.pcd 60.6972 6.71747 -0.618512 0.524708 0.0274146 0.00279172 0.850836
174.pcd 60.5296 7.20416 -0.61375 0.576811 0.0250046 0.00089326 0.816494
175.pcd 60.4541 7.66477 -0.610305 0.648796 0.0252871 -0.000664403 0.760542
176.pcd 60.4827 8.13927 -0.610815 0.722445 0.0243197 -0.000823353 0.691
177.pcd 60.5823 8.49769 -0.613471 0.785162 0.0224086 0.000677897 0.618885
178.pcd 60.7992 8.97779 -0.620983 0.837467 0.021667 -1.89965e-05 0.546058
179.pcd 61.0075 9.43776 -0.624076 0.833805 0.0207103 0.00123855 0.551669
180.pcd 61.1253 9.93056 -0.623769 0.783958 0.0194738 0.000742794 0.620508
181.pcd 61.2343 10.4703 -0.624445 0.771117 0.0222412 -0.000857785 0.636304
182.pcd 61.3668 10.9829 -0.626591 0.797928 0.0196321 -0.0017973 0.60243
183.pcd 61.5603 11.451 -0.628682 0.821254 0.0180223 -0.00192618 0.570275
184.pcd 61.75 11.9222 -0.631988 0.827999 0.0184474 -0.00220697 0.560421
185.pcd 61.9571 12.4328 -0.629846 0.828916 0.0211403 -0.0043829 0.558957
186.pcd 62.0866 12.931 -0.633355 0.786322 0.013464 -0.00240624 0.617665
187.pcd 62.1474 13.4285 -0.638987 0.741037 0.0150508 0.000126689 0.671295
188.pcd 62.1835 13.9277 -0.637838 0.725469 0.0196548 -0.00351705 0.687966
189.pcd 62.1919 14.4295 -0.638726 0.719628 0.0180149 -0.00161955 0.694124
190.pcd 62.2151 14.9451 -0.63941 0.714428 0.0193415 -0.00129757 0.699441
191.pcd 62.2088 15.45 -0.640852 0.703122 0.0209231 -0.00142424 0.71076
192.pcd 62.1679 15.9634 -0.638359 0.670606 0.0222686 -0.00171282 0.741478
193.pcd 62.075 16.4568 -0.6369 0.620733 0.0180591 -0.000123885 0.783814
194.pcd 61.9373 16.7312 -0.633987 0.550031 0.0189425 -0.000297172 0.834929
195.pcd 61.7028 17.1757 -0.629613 0.501099 0.0202802 -0.000285793 0.865152
196.pcd 61.3635 17.6072 -0.625718 0.43211 0.0192437 3.35447e-05 0.901616
197.pcd 61.097 17.8278 -0.621269 0.345512 0.0196035 5.81765e-05 0.93821
198.pcd 60.7849 17.9971 -0.612533 0.254879 0.0207683 0.000178313 0.96675
199.pcd 60.4401 18.1016 -0.61072 0.158238 0.0195018 0.000906831 0.987208
200.pcd 59.9542 18.2474 -0.604378 0.163579 0.0203998 0.00142466 0.986318
201.pcd 59.4901 18.4678 -0.599488 0.208531 0.0210528 0.000827577 0.977789
202.pcd 59.0303 18.6843 -0.593681 0.220258 0.0245338 0.00181107 0.975131
203.pcd 58.5812 18.9056 -0.588852 0.227034 0.0197443 0.00254995 0.973683
204.pcd 58.1012 19.0652 -0.584584 0.134106 0.0204144 0.000412385 0.990757
205.pcd 57.6039 19.1596 -0.579333 0.091293 0.018096 -0.000363932 0.99566
206.pcd 57.1015 19.2064 -0.571935 0.0487693 0.018866 0.00114055 0.998631
207.pcd 56.6036 19.2517 -0.566939 0.0368281 0.0225817 0.00240021 0.999064
208.pcd 56.1038 19.2849 -0.560403 0.0315869 0.0217615 0.00221153 0.999262
209.pcd 55.5736 19.3355 -0.553491 0.0585862 0.0211516 0.00227895 0.998056
210.pcd 55.3291 19.4321 -0.547542 0.145566 0.0231528 0.0026061 0.989074
211.pcd 55.106 19.5787 -0.544562 0.234615 0.0222047 0.00136173 0.971834
212.pcd 54.6785 19.8411 -0.538427 0.24637 0.0180386 -0.000634417 0.969008
213.pcd 54.4887 19.8864 -0.540052 0.152003 0.0138457 0.00190262 0.988281
214.pcd 54.0847 19.9191 -0.540571 0.0630126 0.0125416 -0.00141968 0.997933
215.pcd 53.5403 19.9649 -0.540647 0.0428448 0.0170613 -0.00321244 0.998931
216.pcd 53.0378 19.9987 -0.539894 0.0341957 0.0162325 -0.00302825 0.999279
217.pcd 52.5265 20.0267 -0.539482 0.0319034 0.0155376 -0.00361794 0.999364
218.pcd 52.021 20.0635 -0.539173 0.0313842 0.0150835 -0.00062492 0.999393
219.pcd 51.51 20.1008 -0.538499 0.0313315 0.0145843 0.00255119 0.999399
220.pcd 51.0053 20.1494 -0.534558 0.0748422 0.0162172 -0.00190237 0.997062
221.pcd 50.9568 20.2397 -0.531374 0.184062 0.0179526 0.000510743 0.98275
222.pcd 50.9659 20.3098 -0.531622 0.28875 0.0181674 -0.00107932 0.957232
223.pcd 50.9889 20.361 -0.523949 0.392125 0.0176081 -0.00281361 0.919739
224.pcd 51.018 20.4017 -0.526466 0.486118 0.0171 -0.0043711 0.873715
225.pcd 51.0491 20.4242 -0.525876 0.570038 0.016897 -0.00600768 0.821423
226.pcd 51.0866 20.4415 -0.527427 0.640776 0.0170593 -0.00632665 0.767513
227.pcd 51.1304 20.4735 -0.526866 0.709475 0.0187834 -0.0068655 0.704446
228.pcd 51.1716 20.9863 -0.530813 0.727543 0.0156313 -0.00323478 0.685877
229.pcd 51.2112 21.5173 -0.53299 0.734738 0.0170008 -0.00283759 0.678132
230.pcd 51.26 22.0152 -0.532933 0.740101 0.0168421 -0.00318725 0.672278
231.pcd 51.2056 22.1807 -0.533675 0.660435 0.0115667 -0.00342386 0.750786
232.pcd 51.1491 22.1662 -0.52646 0.577764 0.0128323 -0.00296131 0.816098
233.pcd 51.1016 22.1528 -0.530949 0.487905 0.0135897 -0.00230586 0.872788
234.pcd 51.0472 22.1267 -0.532951 0.394415 0.014329 -0.00291175 0.918816
235.pcd 51.0043 22.0861 -0.529103 0.292989 0.0146639 -0.00216784 0.956001
236.pcd 50.9759 22.0328 -0.530526 0.189327 0.0149072 -0.00158462 0.9818
237.pcd 50.9574 21.9845 -0.531373 0.0966414 0.0163725 -0.000414757 0.995185
238.pcd 50.5414 22.1004 -0.533211 0.202751 0.00964999 0.00278634 0.979179
239.pcd 50.123 22.3134 -0.527821 0.0966191 0.0202469 0.003711 0.995109
240.pcd 49.5916 22.3288 -0.516519 0.016412 0.0188796 0.00529466 0.999673
241.pcd 49.087 22.3354 -0.510963 0.0047254 0.0173918 0.00635606 0.999817
242.pcd 48.57 22.3478 -0.501133 0.0201275 0.0233461 0.00495485 0.999513
243.pcd 48.0565 22.4104 -0.501209 0.0507457 0.0208392 0.00689081 0.99847
244.pcd 47.5545 22.4766 -0.49346 0.0635327 0.0176475 0.00990688 0.997775
245.pcd 47.0103 22.5528 -0.492088 0.0730342 0.020569 0.00831271 0.997083
246.pcd 46.4976 22.6248 -0.483787 0.0639446 0.0225573 0.00530464 0.997684
247.pcd 45.9515 22.6861 -0.478002 0.0559837 0.0214633 0.00636064 0.998181
248.pcd 45.4433 22.7441 -0.471976 0.0546691 0.023 0.00608027 0.998221
249.pcd 44.9433 22.8009 -0.465676 0.0549915 0.0229584 0.00737473 0.998196
250.pcd 44.433 22.8618 -0.459803 0.0563926 0.0217971 0.0093169 0.998127
251.pcd 43.9253 22.9231 -0.454282 0.0591653 0.0220945 0.00800366 0.997972
252.pcd 43.4167 22.99 -0.447033 0.061064 0.0213844 0.00678025 0.997882
253.pcd 42.9093 23.0564 -0.44431 0.0650287 0.0181007 0.0065099 0.997698
254.pcd 42.4052 23.1239 -0.443417 0.068866 0.0200213 0.00734278 0.997398
255.pcd 41.904 23.1961 -0.437248 0.0722452 0.0210731 0.00848942 0.997128
256.pcd 41.4038 23.2771 -0.433635 0.0750035 0.0207674 0.00939876 0.996923
257.pcd 40.8988 23.3557 -0.430587 0.0776795 0.0207942 0.0105236 0.996706
258.pcd 40.3936 23.4371 -0.424075 0.076408 0.0228226 0.00967396 0.996768
259.pcd 39.8791 23.4803 -0.419839 0.0374337 0.0201113 0.0108986 0.999037
260.pcd 39.3787 23.5068 -0.418581 0.0253664 0.0194819 0.0115001 0.999422
261.pcd 38.8733 23.531 -0.413108 0.0202942 0.0200818 0.0118893 0.999522
262.pcd 38.3616 23.5499 -0.405859 0.0195806 0.0212098 0.0106048 0.999527
263.pcd 37.854 23.5718 -0.402766 0.0198174 0.0218266 0.0122027 0.999491
264.pcd 37.3458 23.6002 -0.395201 0.0218198 0.0212405 0.0123714 0.99946
265.pcd 36.8384 23.6257 -0.39486 0.0239818 0.0205516 0.0121274 0.999428
266.pcd 36.3257 23.6596 -0.390006 0.0293221 0.0176249 0.011007 0.999354
267.pcd 35.8154 23.7013 -0.383857 0.0407673 0.0202605 0.0108258 0.998905
268.pcd 35.2891 23.7582 -0.384093 0.0498158 0.0192003 0.0120979 0.998501
269.pcd 34.7875 23.8197 -0.385317 0.0579268 0.0204489 0.00967507 0.998064
270.pcd 34.2817 23.8862 -0.376474 0.0649611 0.0219484 0.00737367 0.997619
271.pcd 33.742 23.9625 -0.368293 0.0702941 0.0243774 0.00800218 0.997196
272.pcd 33.2044 24.0465 -0.362613 0.0738683 0.02278 0.010416 0.996953
273.pcd 32.7071 24.1252 -0.357051 0.0774862 0.0228324 0.0112896 0.996668
274.pcd 32.2082 24.21 -0.354805 0.0801639 0.0207766 0.0131835 0.996478
275.pcd 31.672 24.2494 -0.34924 0.0144661 0.0183385 0.0105611 0.999671
276.pcd 31.1666 24.2464 -0.340964 -0.0114863 0.0201946 0.0125502 0.999651
277.pcd 30.6588 24.2312 -0.344343 -0.0204757 0.0177307 0.0138686 0.999537
278.pcd 30.1548 24.2124 -0.340462 -0.0211894 0.0220675 0.0141916 0.999431
279.pcd 29.6334 24.2402 -0.337213 0.0262369 0.0210474 0.012691 0.999354
280.pcd 29.1305 24.2868 -0.339347 0.0419693 0.0181281 0.0154905 0.998834
281.pcd 28.6312 24.3453 -0.337725 0.054595 0.0184535 0.015366 0.99822
282.pcd 28.1287 24.4148 -0.337976 0.0634094 0.0184889 0.0154905 0.997696
283.pcd 27.6507 24.5474 -0.334694 0.150618 0.0203191 0.0149336 0.98827
284.pcd 27.4918 24.6551 -0.337542 0.239992 0.0165346 0.0104665 0.970578
285.pcd 27.3917 24.755 -0.336275 0.344446 0.014404 0.0091581 0.938651
286.pcd 27.3453 24.8481 -0.335288 0.441855 0.0122419 0.00729716 0.896973
287.pcd 27.3633 24.8896 -0.339048 0.525015 0.0115805 0.0038996 0.851005
288.pcd 27.3968 24.9075 -0.339296 0.600656 0.00968217 0.00286572 0.799444
289.pcd 27.4417 24.9153 -0.339259 0.678212 0.00809071 0.00198774 0.734819
290.pcd 27.5151 25.4321 -0.34944 0.734971 0.0113514 0.00141561 0.678002
291.pcd 27.5758 25.9356 -0.35722 0.742796 0.013555 0.000363016 0.66938
292.pcd 27.6403 26.4412 -0.369781 0.74807 0.0120311 0.00173764 0.663509
293.pcd 27.6966 26.9464 -0.378074 0.746824 0.0111848 -7.23253e-05 0.664927
294.pcd 27.6589 27.0638 -0.376168 0.675078 0.00843459 0.00102028 0.737697
295.pcd 27.5995 27.0559 -0.377061 0.590467 0.0102707 0.000476097 0.806997
296.pcd 27.5544 27.031 -0.376625 0.497172 0.0122529 0.00170953 0.867564
297.pcd 27.5255 26.9973 -0.376754 0.399051 0.0135108 0.00355623 0.916822
298.pcd 27.5003 26.9516 -0.374967 0.295043 0.0150378 0.00457489 0.955355
299.pcd 27.4829 26.9042 -0.371964 0.187141 0.0163807 0.00670764 0.982174
300.pcd 27.4693 26.8562 -0.371518 0.0800993 0.0169438 0.00815818 0.996609
301.pcd 26.943 26.8576 -0.37018 0.0149134 0.0169269 0.00851924 0.999709
302.pcd 26.3971 26.8631 -0.365589 0.00412614 0.0193055 0.00698411 0.999781
303.pcd 25.878 26.8737 -0.363212 0.0220933 0.0185251 0.0073947 0.999557
304.pcd 25.4745 26.9898 -0.361527 0.1123 0.0214045 0.00784473 0.993413
305.pcd 24.9601 27.1223 -0.360406 0.116923 0.0173646 0.0117164 0.99292
306.pcd 24.5112 27.1476 -0.359239 0.0262526 0.0162956 0.0112414 0.999459
307.pcd 23.9652 27.1447 -0.352431 -0.00682361 0.017218 0.010021 0.999778
308.pcd 23.454 27.1575 -0.34918 0.0203478 0.0196551 0.00978801 0.999552
309.pcd 22.9227 27.2109 -0.345303 0.0477258 0.0199967 0.0109008 0.998601
310.pcd 22.3814 27.2772 -0.348988 0.0595279 0.0150498 0.0125452 0.998034
311.pcd 21.8536 27.3499 -0.352208 0.0678796 0.016049 0.0113613 0.9975
312.pcd 21.3264 27.4307 -0.347044 0.0735824 0.0177056 0.0106032 0.997076
313.pcd 20.8192 27.5118 -0.344557 0.0785446 0.02033 0.00939422 0.996659
314.pcd 20.3002 27.5987 -0.343174 0.0805787 0.0168494 0.0112534 0.996542
315.pcd 20.2913 27.5431 -0.34094 -0.0100123 0.0153198 0.0071386 0.999807
316.pcd 20.2976 27.4844 -0.341189 -0.116916 0.0168747 0.00687873 0.992975
317.pcd 20.3191 27.4339 -0.339842 -0.226759 0.0169531 0.00884121 0.973763
318.pcd 20.3497 27.3962 -0.337463 -0.324476 0.0169165 0.0117508 0.94567
319.pcd 20.3803 27.3636 -0.338042 -0.414463 0.0165998 0.0128887 0.909824
320.pcd 20.4248 27.3393 -0.334396 -0.497774 0.0152348 0.0129905 0.867076
321.pcd 20.4582 27.3271 -0.336276 0.574971 -0.0156432 -0.0135369 -0.817912
322.pcd 20.5091 27.3276 -0.334589 0.657622 -0.0176398 -0.0122129 -0.753042
323.pcd 20.5165 26.7996 -0.328192 0.70142 -0.0187099 -0.0130289 -0.712383
324.pcd 20.5124 26.2949 -0.323417 0.711003 -0.0143867 -0.0149809 -0.702882
325.pcd 20.527 25.7941 -0.320025 0.714682 -0.0148982 -0.0151119 -0.699128
326.pcd 20.524 25.2766 -0.312275 0.706452 -0.0187001 -0.0175661 -0.707296
327.pcd 20.4293 24.873 -0.299972 0.629386 -0.0181985 -0.0180546 -0.77667
328.pcd 20.3695 24.8003 -0.302033 0.552433 -0.02 -0.0200101 -0.833077
329.pcd 20.2999 24.8228 -0.299954 -0.460064 0.0202547 0.0214483 0.887395
330.pcd 20.2568 24.8485 -0.30411 -0.360357 0.0212396 0.0204186 0.932349
331.pcd 20.2251 24.8877 -0.301052 -0.254552 0.0221001 0.0183559 0.966632
332.pcd 20.1992 24.9364 -0.303341 -0.146214 0.0211973 0.0155455 0.988904
333.pcd 20.1778 24.9953 -0.304714 -0.0382672 0.0193177 0.0164736 0.998945
334.pcd 19.9097 25.0612 -0.307462 0.0495065 0.0181159 0.0138545 0.998513
335.pcd 19.3994 25.1368 -0.308087 0.0627015 0.0162013 0.0117348 0.997832
336.pcd 18.8969 25.1593 -0.30249 0.0234487 0.0169832 0.011724 0.999512
337.pcd 18.3907 25.1761 -0.303807 0.0103686 0.0191932 0.0131024 0.999676
338.pcd 17.8834 25.1872 -0.299216 0.00646066 0.0188312 0.0131317 0.999716
339.pcd 17.3791 25.1907 -0.294158 0.00668565 0.0194442 0.0148978 0.999678
340.pcd 16.87 25.2035 -0.291243 0.00760492 0.0172658 0.015875 0.999696
341.pcd 16.3675 25.2167 -0.292152 0.00934109 0.0171705 0.0153372 0.999691
342.pcd 15.8654 25.2296 -0.288354 0.0119354 0.0174568 0.0146328 0.999669
343.pcd 15.3582 25.2459 -0.287956 0.013519 0.0172846 0.0154668 0.99964
344.pcd 14.8495 25.2665 -0.292259 0.0172496 0.0173791 0.0139186 0.999603
345.pcd 14.3414 25.2917 -0.285887 0.0195027 0.0193039 0.0141151 0.999524
346.pcd 13.832 25.3139 -0.285211 0.0220394 0.014429 0.016068 0.999524
347.pcd 13.3261 25.3443 -0.285979 0.0254928 0.0160156 0.0171576 0.999399
348.pcd 12.8221 25.375 -0.287155 0.0295309 0.0195815 0.0171913 0.999224
349.pcd 12.314 25.4094 -0.27791 0.0330375 0.0196204 0.0157729 0.999137
350.pcd 11.8132 25.4496 -0.273169 0.036201 0.01818 0.0157011 0.999056
351.pcd 11.2658 25.4967 -0.275785 0.0390801 0.0190253 0.0161507 0.998924
352.pcd 10.7671 25.5418 -0.275637 0.04257 0.0164083 0.0139052 0.998862
353.pcd 10.2686 25.5881 -0.276279 0.0452498 0.0188001 0.0129758 0.998714
354.pcd 9.73181 25.6425 -0.274865 0.0481566 0.0184589 0.0134958 0.998578
355.pcd 9.19799 25.6979 -0.268425 0.0509821 0.0173956 0.0141492 0.998448
356.pcd 8.69565 25.7591 -0.276971 0.0542785 0.0162319 0.0126029 0.998314
357.pcd 8.15289 25.8221 -0.270477 0.0573314 0.0175048 0.0121012 0.998128
358.pcd 7.64879 25.8832 -0.270095 0.0597519 0.0173804 0.0118713 0.997991
359.pcd 7.14086 25.9551 -0.273462 0.0685958 0.0186533 0.0116619 0.997402
360.pcd 6.76459 26.0742 -0.266503 0.161104 0.0200494 0.0120681 0.98666
361.pcd 6.6222 26.182 -0.262206 0.252883 0.0174552 0.0101517 0.967286
362.pcd 6.52666 26.3009 -0.260691 0.35227 0.015213 0.00938107 0.935728
363.pcd 6.55225 26.3503 -0.262169 0.44759 0.0140794 0.00606711 0.894108
364.pcd 6.5963 26.3899 -0.263758 0.544235 0.0134258 0.00456412 0.838813
365.pcd 6.45881 26.9028 -0.277709 0.587822 0.0100407 0.00444207 0.808916
366.pcd 6.39804 27.2751 -0.278846 0.667112 0.0109095 -0.00155212 0.744876
367.pcd 6.44786 27.3893 -0.275856 0.741928 0.0108636 -0.00414208 0.670378
368.pcd 6.5753 27.8943 -0.292401 0.761772 0.00224267 0.00145916 0.64784
369.pcd 6.61075 28.398 -0.294961 0.730917 0.00807056 -0.00564935 0.682395
370.pcd 6.63946 28.9022 -0.296715 0.722933 0.0117198 -0.00676377 0.690785
371.pcd 6.6511 29.4089 -0.302987 0.718201 0.0119414 -0.00311494 0.695727
372.pcd 6.67144 29.9095 -0.311672 0.716976 0.00929245 -0.00108943 0.697035
373.pcd 6.6272 30.3523 -0.320644 0.652872 0.00514236 0.000869261 0.757451
374.pcd 6.52897 30.5672 -0.328025 0.576588 0.00779457 0.00363613 0.816989
375.pcd 6.31304 30.9651 -0.331865 0.502127 0.0103437 0.00298184 0.864727
376.pcd 5.96974 31.3893 -0.335661 0.426034 0.0108523 0.00220128 0.904639
377.pcd 5.6322 31.7706 -0.344544 0.409211 0.0111655 0.00339679 0.912365
378.pcd 5.26588 32.1708 -0.344579 0.402338 0.0181708 -0.00239313 0.915308
379.pcd 4.92118 32.5443 -0.342282 0.39701 0.0212719 -0.00316807 0.917562
380.pcd 4.54665 32.8803 -0.337744 0.352989 0.0199406 0.000454274 0.935415
381.pcd 4.1371 33.2196 -0.335469 0.342037 0.0211546 0.00258427 0.939445
382.pcd 3.80888 33.5979 -0.331653 0.413064 0.0168057 0.000229127 0.910547
383.pcd 3.44051 33.9863 -0.338185 0.39076 0.0155219 -0.000243861 0.920362
384.pcd 3.06066 34.3686 -0.333624 0.383439 0.0207609 -0.000378717 0.923333
385.pcd 2.71477 34.7417 -0.331907 0.393684 0.0220116 0.00510122 0.918968
386.pcd 2.41199 35.1448 -0.331416 0.442043 0.0204856 0.00467461 0.896748
387.pcd 2.09441 35.591 -0.338703 0.461466 0.0169691 0.00274408 0.886992
388.pcd 1.81741 36.0118 -0.340309 0.474683 0.0170282 0.000387541 0.879992
389.pcd 1.55549 36.4628 -0.342877 0.495023 0.0149087 0.000651794 0.868752
390.pcd 1.36031 36.9331 -0.343578 0.556957 0.017532 -0.0043487 0.830345
391.pcd 1.23327 37.4306 -0.343444 0.615763 0.0161562 -0.00470776 0.787752
392.pcd 1.13571 37.9247 -0.342892 0.632196 0.01583 -0.00194873 0.774645
393.pcd 1.04511 38.4223 -0.338397 0.641366 0.0197287 -0.00334506 0.766974
394.pcd 0.960689 38.9343 -0.33569 0.648271 0.0191631 -0.00262969 0.761164
395.pcd 0.883512 39.4326 -0.340451 0.651423 0.0135578 -0.00151633 0.758592
396.pcd 0.793633 39.9308 -0.34375 0.639433 0.0113359 -0.00311823 0.768757
397.pcd 0.688038 40.4669 -0.352583 0.632868 0.0124358 -0.000465787 0.77416
398.pcd 0.588884 40.9696 -0.361099 0.631748 0.0122371 0.00101171 0.775076
399.pcd 0.49461 41.5042 -0.366859 0.644302 0.0142046 -0.00172428 0.764637
400.pcd 0.417733 42.0405 -0.370966 0.652345 0.0154056 -0.00208082 0.757763
401.pcd 0.347309 42.5693 -0.377625 0.657988 0.0154153 0.000955681 0.75287
402.pcd 0.290091 43.0712 -0.373235 0.663172 0.0212605 -0.00358955 0.748156
403.pcd 0.231099 43.6149 -0.374023 0.667701 0.0214194 -0.00286533 0.744116
404.pcd 0.180027 44.1221 -0.37659 0.670082 0.020245 -0.0020821 0.742008
405.pcd 0.128516 44.6737 -0.372938 0.672948 0.0207811 -0.00294278 0.739392
406.pcd 0.0819005 45.2286 -0.373116 0.674797 0.0198648 -0.00341769 0.737728
407.pcd 0.0418654 45.7358 -0.371495 0.678252 0.0183781 -0.00321492 0.734593
408.pcd 0.0594485 46.2707 -0.369489 0.722778 0.0178179 -0.00552741 0.690828
409.pcd 0.123364 46.8101 -0.375556 0.737062 0.0160708 -0.00520536 0.675614
410.pcd 0.171406 47.3576 -0.374417 0.744883 0.0181916 -0.00501185 0.666929
411.pcd 0.244048 47.87 -0.376386 0.75027 0.0178416 -0.00436903 0.660876
412.pcd 0.29739 48.3807 -0.377946 0.741963 0.0173494 -0.00515352 0.670196
413.pcd 0.343764 48.8821 -0.376458 0.736805 0.0176212 -0.00545738 0.675854
414.pcd 0.393624 49.3854 -0.374469 0.735837 0.0191726 -0.00560284 0.676864
415.pcd 0.44053 49.8977 -0.375993 0.736251 0.0181843 -0.00242629 0.67646
416.pcd 0.490126 50.3977 -0.375849 0.73775 0.0194938 -0.00405547 0.674781
417.pcd 0.544543 50.8996 -0.375355 0.739778 0.0187955 -0.00488588 0.672571
418.pcd 0.598371 51.4047 -0.377063 0.741531 0.0200835 -0.00433567 0.670604
419.pcd 0.65921 51.913 -0.376968 0.743007 0.0194219 -0.00425489 0.668988
420.pcd 0.717504 52.4158 -0.378216 0.745036 0.0178778 -0.0061761 0.666756
421.pcd 0.782387 52.9146 -0.371162 0.746466 0.0183965 -0.00551733 0.665146
422.pcd 0.845446 53.4212 -0.371741 0.748487 0.0200748 -0.00738484 0.662804
423.pcd 0.919857 53.9666 -0.37384 0.750585 0.0190099 -0.00598965 0.660473
424.pcd 0.989705 54.4663 -0.371599 0.751993 0.0188099 -0.0048229 0.658885
425.pcd 1.12427 54.8846 -0.371514 0.833903 0.0145004 -0.00748115 0.55167
426.pcd 1.18069 54.8684 -0.369335 0.887893 0.0126758 -0.008855 0.459791
427.pcd 1.20995 54.8225 -0.37119 0.933166 0.0105808 -0.0101668 0.359146
428.pcd 1.24372 54.8045 -0.371184 0.962174 0.0075622 -0.0119479 0.272069
429.pcd 1.26135 54.7648 -0.370662 0.98573 0.00525165 -0.0120591 0.16782
430.pcd 1.27819 54.7143 -0.367517 0.997841 0.00435796 -0.0120614 0.0644079
431.pcd 1.28624 54.6657 -0.368398 0.999543 0.00341134 -0.0114564 -0.0277566
432.pcd 1.81629 54.552 -0.366955 0.996903 0.00225646 -0.0203926 -0.0759226
433.pcd 2.31671 54.4795 -0.366959 0.997628 0.00365092 -0.0158021 -0.0668945
434.pcd 2.82658 54.414 -0.365298 0.997618 0.00438145 -0.0197232 -0.0659612
435.pcd 3.36818 54.3423 -0.369957 0.997597 0.00642757 -0.0146392 -0.0674162
436.pcd 3.60037 54.2568 -0.366829 0.983872 0.0022421 -0.0168845 -0.178061
437.pcd 3.58191 54.2009 -0.365083 0.958736 0.000261062 -0.0160398 -0.283844
438.pcd 3.55984 54.1513 -0.366256 0.922582 -0.00162882 -0.0157974 -0.385474
439.pcd 3.52393 54.1256 -0.363765 0.875113 -0.00342683 -0.0158769 -0.483646
440.pcd 3.48436 54.099 -0.359806 0.817334 -0.00679765 -0.0155482 -0.575914
441.pcd 3.43504 54.0821 -0.362701 0.751689 -0.00822766 -0.0139665 -0.659318
442.pcd 3.37388 54.0669 -0.363148 0.67765 -0.00925321 -0.0125072 -0.73522
443.pcd 3.28026 53.5752 -0.358161 0.664134 -0.0113788 -0.0128418 -0.747417
444.pcd 3.21097 53.2831 -0.357935 0.595597 -0.0113155 -0.0141255 -0.803079
445.pcd 3.26977 53.2809 -0.361589 0.681525 -0.007948 -0.0109363 -0.73167
446.pcd 3.32232 53.2842 -0.364084 0.75824 -0.00670212 -0.0101767 -0.651862
447.pcd 3.35944 53.3061 -0.36592 0.823973 -0.00518257 -0.0107326 -0.566503
448.pcd 3.58897 52.8168 -0.367335 0.840737 -0.00719365 -0.0120995 -0.54126
449.pcd 3.63086 52.6303 -0.363957 0.78671 -0.0104476 -0.0123246 -0.617111
450.pcd 3.58214 52.5982 -0.367652 0.716446 -0.0121644 -0.0113251 -0.697445
451.pcd 3.58319 52.0749 -0.364904 0.709239 -0.0111301 -0.0119091 -0.704779
452.pcd 3.58365 51.5517 -0.367767 0.708015 -0.0106332 -0.0119807 -0.706016
453.pcd 3.57473 51.0128 -0.372279 0.706367 -0.0106591 -0.0107581 -0.707684
454.pcd 3.54362 50.4863 -0.371583 0.680553 -0.0127892 -0.0127368 -0.732477
455.pcd 3.46047 49.9694 -0.36669 0.652643 -0.0111226 -0.010799 -0.757507
456.pcd 3.36682 49.47 -0.371378 0.643723 -0.0124477 -0.011202 -0.765075
457.pcd 3.27136 48.9778 -0.370316 0.636933 -0.012464 -0.0124155 -0.770718
458.pcd 3.16321 48.4768 -0.368122 0.631583 -0.0101669 -0.0137316 -0.77512
459.pcd 3.05576 47.9775 -0.373435 0.630147 -0.00940688 -0.0136424 -0.776299
460.pcd 2.99999 47.4794 -0.370219 0.666352 -0.0117586 -0.0137842 -0.745418
461.pcd 2.95169 46.9335 -0.373296 0.676358 -0.0104607 -0.0128179 -0.736387
462.pcd 2.90782 46.4225 -0.375141 0.675924 -0.00942695 -0.0149607 -0.736759
463.pcd 2.8488 45.9191 -0.370781 0.670051 -0.00875601 -0.0157409 -0.742097
464.pcd 2.78962 45.4162 -0.370136 0.664852 -0.00846079 -0.014897 -0.746779
465.pcd 2.72777 44.9168 -0.370417 0.660435 -0.00931488 -0.0135963 -0.750702
466.pcd 2.66205 44.3694 -0.372978 0.667865 -0.0102101 -0.0132444 -0.744095
467.pcd 2.63053 43.8673 -0.371874 0.685269 -0.0116376 -0.0153841 -0.728035
468.pcd 2.60111 43.3256 -0.373331 0.693214 -0.0106103 -0.0166478 -0.720462
469.pcd 2.58374 42.785 -0.376308 0.69562 -0.00636331 -0.0135332 -0.718254
470.pcd 2.56112 42.2806 -0.378047 0.695825 -0.00596021 -0.0148137 -0.718034
471.pcd 2.54526 41.7713 -0.373498 0.697681 -0.0134686 -0.0187685 -0.716036
472.pcd 2.60434 41.3034 -0.369714 0.760467 -0.0112951 -0.0104991 -0.649193
473.pcd 2.73225 40.7688 -0.363857 0.786336 -0.0127986 -0.0122186 -0.617545
474.pcd 2.87983 40.2481 -0.362094 0.799573 -0.0128828 -0.0125441 -0.6003
475.pcd 3.02976 39.7665 -0.363161 0.807428 -0.0103161 -0.0135475 -0.58972
476.pcd 3.1938 39.2844 -0.364684 0.816054 -0.00974483 -0.0131051 -0.577745
477.pcd 3.38832 38.7682 -0.365946 0.822209 -0.0120289 -0.00999875 -0.56897
478.pcd 3.60145 38.2683 -0.361039 0.841586 -0.0100206 -0.0164789 -0.539779
479.pcd 3.82396 37.82 -0.359201 0.8524 -0.0080178 -0.0162665 -0.522576
480.pcd 4.08831 37.335 -0.360303 0.857843 -0.0069155 -0.00979019 -0.513773
481.pcd 4.32814 36.8934 -0.357257 0.859678 -0.0085335 -0.0168277 -0.510489
482.pcd 4.5729 36.4417 -0.35399 0.862506 -0.00568375 -0.0164895 -0.505747
483.pcd 4.81396 35.9983 -0.359325 0.862478 -0.00498008 -0.0173088 -0.505773
484.pcd 5.05928 35.5543 -0.359156 0.862061 -0.00282468 -0.0145879 -0.506587
485.pcd 5.29997 35.1048 -0.358804 0.861256 -0.00270921 -0.0174024 -0.507865
486.pcd 5.55898 34.6682 -0.3542 0.876588 -0.0101722 -0.0173483 -0.480821
487.pcd 5.65913 34.6241 -0.350517 0.919207 -0.0117557 -0.0146541 -0.393326
488.pcd 5.70911 34.6535 -0.351289 0.950823 -0.0115707 -0.0154252 -0.309134
489.pcd 5.74942 34.7051 -0.349538 0.978504 -0.00975199 -0.0155882 -0.205407
490.pcd 5.77956 34.763 -0.351167 0.995168 -0.0104557 -0.0148799 -0.0964898
491.pcd 5.77747 34.813 -0.354538 0.999801 -0.0116088 -0.0144586 -0.00735995
492.pcd 6.29627 34.836 -0.350335 0.999597 -0.00331604 -0.0203267 0.0195285
493.pcd 6.83483 34.8216 -0.349346 0.9998 -0.000880129 -0.0162532 -0.011656
494.pcd 7.36508 34.7928 -0.35327 0.9996 0.000223239 -0.014767 -0.0241171
495.pcd 7.88306 34.7543 -0.353453 0.999425 0.00145712 -0.0136714 -0.0309937
496.pcd 8.38806 34.7189 -0.354925 0.99918 0.00250601 -0.0154545 -0.0373477
497.pcd 8.8947 34.6775 -0.3537 0.998954 0.00294663 -0.0163652 -0.0425971
498.pcd 9.4028 34.6279 -0.353889 0.998798 0.00236804 -0.0160107 -0.0462652
499.pcd 9.91165 34.5727 -0.357362 0.998628 0.00301027 -0.0149911 -0.0500797
500.pcd 10.4186 34.5156 -0.36035 0.99843 0.0053243 -0.0169786 -0.053107
501.pcd 10.924 34.4524 -0.359492 0.998254 0.00619886 -0.016674 -0.0563226
502.pcd 11.4272 34.3904 -0.358336 0.997998 0.00587932 -0.0168951 -0.0606643
503.pcd 11.9377 34.3215 -0.365932 0.997858 0.00600691 -0.0156012 -0.0632523
504.pcd 12.4415 34.2535 -0.365563 0.997644 0.0070176 -0.0165384 -0.0662127
505.pcd 12.9446 34.1794 -0.366608 0.997485 0.00842422 -0.0150514 -0.068745
506.pcd 13.4454 34.1082 -0.366066 0.997256 0.00916325 -0.0173302 -0.0713853
507.pcd 13.9412 34.0366 -0.369229 0.997041 0.00866594 -0.0168757 -0.074497
508.pcd 14.4541 33.9727 -0.369703 0.998564 0.00796131 -0.01546 -0.050663
509.pcd 14.9601 33.9469 -0.376973 0.999624 0.011135 -0.0120234 -0.0219834
510.pcd 15.5059 33.9336 -0.374519 0.999711 0.0112136 -0.0185892 -0.0103596
511.pcd 16.0116 33.9231 -0.37529 0.999805 0.0120381 -0.0143275 -0.00634214
512.pcd 16.5217 33.9149 -0.380829 0.999795 0.0130866 -0.0134192 -0.00760475
513.pcd 17.0261 33.9027 -0.382777 0.999737 0.0134474 -0.0155174 -0.0101839
514.pcd 17.5499 33.8735 -0.383118 0.999462 0.0113197 -0.0146047 -0.0271123
515.pcd 18.0519 33.8363 -0.387042 0.999001 0.0110412 -0.0149812 -0.0406397
516.pcd 18.599 33.7754 -0.389476 0.998515 0.00872675 -0.0143833 -0.0518056
517.pcd 19.0965 33.719 -0.390844 0.998137 0.00687935 -0.0135693 -0.0590842
518.pcd 19.6004 33.6495 -0.394082 0.997725 0.00533678 -0.0148824 -0.0655371
519.pcd 20.0951 33.5746 -0.392233 0.997365 0.00632163 -0.0157778 -0.0705305
520.pcd 20.6116 33.4936 -0.394304 0.997133 0.00833339 -0.0142323 -0.0738522
521.pcd 20.609 33.4587 -0.388076 0.985877 0.00631014 -0.0178964 -0.166395
522.pcd 20.5911 33.4159 -0.389228 0.962449 0.00478632 -0.0185875 -0.270782
523.pcd 20.5611 33.3661 -0.387258 0.927294 0.00217362 -0.0178191 -0.373904
524.pcd 20.5242 33.3273 -0.391774 0.881191 -0.00042913 -0.014186 -0.472548
525.pcd 20.4793 33.3072 -0.391563 0.823287 -0.00255402 -0.0137079 -0.567454
526.pcd 20.4335 33.2686 -0.392525 0.756704 -0.00430633 -0.0131538 -0.653612
527.pcd 20.4046 33.1619 -0.39509 0.690977 -0.00392089 -0.00883262 -0.722812
528.pcd 20.3191 32.6275 -0.402695 0.654253 -0.00441366 -0.00678206 -0.756233
529.pcd 20.2347 32.1296 -0.410668 0.644744 -0.0050516 -0.00899489 -0.764329
530.pcd 20.1343 31.6077 -0.403623 0.637132 -0.0148025 -0.0187558 -0.770385
531.pcd 20.1604 31.4808 -0.402201 0.706963 -0.0168908 -0.0146729 -0.706897
532.pcd 20.212 31.487 -0.402118 0.779318 -0.0144573 -0.0162212 -0.626251
533.pcd 20.265 31.508 -0.403268 0.842822 -0.0120763 -0.0168433 -0.537793
534.pcd 20.3096 31.5423 -0.404425 0.898363 -0.0128767 -0.0149912 -0.438809
535.pcd 20.3508 31.5876 -0.402442 0.939269 -0.0145213 -0.0118422 -0.34267
536.pcd 20.3721 31.625 -0.404812 0.969097 -0.0121295 -0.0123722 -0.246072
537.pcd 20.3835 31.6591 -0.405844 0.986918 -0.0100433 -0.0125869 -0.160417
538.pcd 20.3887 31.7042 -0.406216 0.997437 -0.00811172 -0.0134299 -0.0698058
539.pcd 20.9015 31.6536 -0.404732 0.998771 -0.00771653 -0.0151812 -0.0465397
540.pcd 21.0456 31.5829 -0.407827 0.987932 -0.00576299 -0.0140075 -0.154143
541.pcd 21.3285 31.5379 -0.407728 0.998099 -0.00510101 -0.0121714 -0.0601955
542.pcd 21.8586 31.5566 -0.408169 0.999767 -0.00439495 -0.0151625 -0.0146893
543.pcd 22.1507 31.4737 -0.406047 0.993722 -0.00754674 -0.0148244 -0.110637
544.pcd 22.4057 31.3424 -0.407781 0.977443 -0.00974682 -0.0122061 -0.210623
545.pcd 22.8864 31.1463 -0.40703 0.986702 -0.00923971 -0.0152332 -0.16156
546.pcd 23.1027 31.134 -0.407466 0.997265 -0.00636974 -0.0118608 -0.0726744
547.pcd 23.639 31.1173 -0.410948 0.999873 -0.0049525 -0.0101272 -0.0112686
548.pcd 24.1652 31.1432 -0.414672 0.999523 -0.00410137 -0.0100774 0.0289062
549.pcd 24.7156 31.2104 -0.417848 0.9981 0.000343632 -0.0145384 0.0598732
550.pcd 25.1767 31.1895 -0.418139 0.999349 -0.00149316 -0.0135198 -0.0334061
551.pcd 25.6775 31.1076 -0.421575 0.997147 -0.00342417 -0.0120094 -0.0744481
552.pcd 26.2246 31.0315 -0.422959 0.997691 -0.00387638 -0.01507 -0.0661095
553.pcd 26.7581 30.9744 -0.422211 0.998475 -0.00275583 -0.0164376 -0.0526251
554.pcd 27.2687 30.9229 -0.427898 0.998891 -0.00348119 -0.00944608 -0.046001
555.pcd 27.6768 30.9162 -0.434791 0.998452 -0.00273518 -0.00490645 0.0553288
556.pcd 27.6569 30.9417 -0.436739 0.986723 -0.000368385 -0.00331219 0.162376
557.pcd 27.6198 30.9669 -0.437212 0.963357 0.000175035 -0.000981287 0.26822
558.pcd 27.5814 30.9777 -0.434485 0.932105 0.00349111 0.00145632 0.362167
559.pcd 27.5529 31.0094 -0.436518 0.893304 0.0026066 -0.000802257 0.449445
560.pcd 27.5195 31.0348 -0.433881 0.849781 0.00442389 -0.000581372 0.527117
561.pcd 27.4742 31.0557 -0.435049 0.793548 0.00749064 -0.000518857 0.608461
562.pcd 27.4253 31.0563 -0.432982 0.72508 0.010436 0.00136773 0.688584
563.pcd 27.4738 31.5862 -0.429038 0.729291 0.0219419 -0.00975805 0.683782
564.pcd 27.5089 32.1283 -0.421145 0.737192 0.023144 -0.0117921 0.675184
565.pcd 27.5658 32.6529 -0.414843 0.741227 0.0221554 -0.00982689 0.670817
566.pcd 27.6206 33.1549 -0.4121 0.744983 0.0190122 -0.00717517 0.666774
567.pcd 27.6846 33.1851 -0.409426 0.805422 0.0161256 -0.00876473 0.592418
568.pcd 27.756 33.1732 -0.407736 0.866664 0.0137344 -0.0116068 0.498569
569.pcd 27.8284 33.1611 -0.409098 0.914719 0.0109447 -0.0121363 0.40376
570.pcd 27.877 33.1195 -0.411083 0.950136 0.0115655 -0.0102265 0.311454
571.pcd 27.9108 33.0811 -0.412514 0.974376 0.0106226 -0.0112895 0.224391
572.pcd 27.946 33.0403 -0.412423 0.992245 0.00767045 -0.0116915 0.123508
573.pcd 27.9602 32.9935 -0.412682 0.999325 0.00824383 -0.0125708 0.0335112
574.pcd 28.4751 32.948 -0.413641 0.998912 0.0103694 -0.0167787 -0.0422639
575.pcd 28.9823 32.8731 -0.419537 0.997307 0.0100339 -0.0122084 -0.0716104
576.pcd 29.5101 32.7799 -0.422788 0.996347 0.0103692 -0.0126799 -0.0838117
577.pcd 30.0286 32.6807 -0.424168 0.995821 0.00871762 -0.0136153 -0.0898848
578.pcd 30.5582 32.6526 -0.425746 0.999518 0.00748097 -0.0128959 -0.0272196
579.pcd 31.0582 32.6332 -0.429118 0.999775 0.00802046 -0.0136507 -0.014124
580.pcd 31.5699 32.6188 -0.432296 0.999838 0.00852062 -0.0119428 -0.0104645
581.pcd 32.0772 32.5971 -0.436162 0.999651 0.00960775 -0.0130376 -0.0208733
582.pcd 32.5892 32.5573 -0.440248 0.999125 0.00992549 -0.0131464 -0.0384483
583.pcd 33.1335 32.4902 -0.448218 0.998226 0.00951719 -0.0135822 -0.057189
584.pcd 33.6386 32.4199 -0.448661 0.997601 0.0102296 -0.0136235 -0.0670919
585.pcd 34.135 32.3387 -0.453643 0.997072 0.0103611 -0.0135547 -0.0745348
586.pcd 34.6365 32.2591 -0.456871 0.996649 0.0100929 -0.0124921 -0.0802069
587.pcd 35.1379 32.168 -0.460599 0.996191 0.00969823 -0.0126366 -0.0857299
588.pcd 35.6369 32.0753 -0.464695 0.99579 0.0114962 -0.0146865 -0.0897464
589.pcd 36.1816 32.0358 -0.467443 0.999715 0.00938719 -0.0104509 -0.0193274
590.pcd 36.684 32.0347 -0.470092 0.999875 0.0103604 -0.0117679 -0.00181397
591.pcd 37.1897 32.0403 -0.471268 0.999836 0.0109173 -0.0132885 0.00573762
592.pcd 37.7027 32.0456 -0.480709 0.9999 0.0120606 -0.00738949 0.000664707
593.pcd 38.2191 32.0152 -0.482756 0.999428 0.0113403 -0.0153773 -0.027908
594.pcd 38.7186 31.9673 -0.483851 0.999047 0.0112354 -0.0127816 -0.0401872
595.pcd 39.2229 31.9147 -0.490889 0.998654 0.0111739 -0.0119759 -0.049203
596.pcd 39.7281 31.8573 -0.494635 0.998347 0.011371 -0.010924 -0.055273
597.pcd 40.2243 31.7941 -0.49805 0.998003 0.0108754 -0.0129547 -0.0608648
598.pcd 40.7303 31.724 -0.500782 0.997749 0.01073 -0.0121896 -0.0650707
599.pcd 41.2368 31.6525 -0.507049 0.997556 0.0115414 -0.0112244 -0.0679946
600.pcd 41.7325 31.575 -0.513956 0.997266 0.0110075 -0.0116407 -0.072134
601.pcd 42.2451 31.507 -0.517589 0.99802 0.0109654 -0.0127692 -0.0605994
602.pcd 42.7674 31.4495 -0.520986 0.99862 0.0112247 -0.0111149 -0.0500793
603.pcd 43.2924 31.3915 -0.532808 0.998563 0.0108329 -0.0110323 -0.0513103
604.pcd 43.8025 31.3382 -0.53327 0.998423 0.0106633 -0.0120469 -0.0537847
605.pcd 44.303 31.2782 -0.537106 0.998311 0.0097447 -0.0141223 -0.0555023
606.pcd 44.7365 31.2931 -0.539034 0.999337 0.00643761 -0.00976781 0.0344665
607.pcd 45.2367 31.3755 -0.543497 0.996673 0.00735409 -0.0110385 0.0804161
608.pcd 45.7326 31.4632 -0.543404 0.995509 0.0128017 -0.0138869 0.0927631
609.pcd 46.246 31.5102 -0.543009 0.999427 0.0144486 -0.0120031 0.0281397
610.pcd 46.7587 31.4767 -0.548374 0.999573 0.011696 -0.0107797 -0.0245199
611.pcd 47.2643 31.4351 -0.557191 0.99905 0.0120411 -0.00897335 -0.0409173
612.pcd 47.8121 31.3807 -0.559554 0.998654 0.00997162 -0.0122369 -0.0493972
613.pcd 48.3155 31.3294 -0.563985 0.998524 0.0106676 -0.0133376 -0.0515642
614.pcd 48.8288 31.2668 -0.573505 0.998363 0.0134603 -0.0109829 -0.0544969
615.pcd 49.3737 31.2 -0.577508 0.998105 0.0105908 -0.0143016 -0.0589122
616.pcd 49.8803 31.1341 -0.581778 0.997863 0.00683575 -0.0145125 -0.0633382
617.pcd 50.3811 31.0653 -0.576634 0.99755 0.00312742 -0.0209332 -0.0666851
618.pcd 50.8788 31.0144 -0.575804 0.998886 0.00143955 -0.0194956 -0.0429378
619.pcd 51.4181 31.0096 -0.566061 0.999781 0.00019764 -0.0207971 -0.00218216
620.pcd 51.4757 31.0556 -0.561819 0.995511 -0.0023399 -0.018657 0.0927617
621.pcd 51.4578 31.1178 -0.565918 0.979644 -0.00114638 -0.0185947 0.199875
622.pcd 51.4263 31.1588 -0.560899 0.951715 0.00147194 -0.0171382 0.3065
623.pcd 51.3866 31.1925 -0.561453 0.910791 0.00286155 -0.0172308 0.412499
624.pcd 51.3406 31.2213 -0.56174 0.859843 0.00477912 -0.016531 0.510269
625.pcd 51.2808 31.2446 -0.565887 0.796189 0.00521364 -0.0161034 0.604811
626.pcd 51.2278 31.2515 -0.566532 0.723113 0.00519435 -0.0127778 0.690592
627.pcd 51.2222 31.7744 -0.569835 0.724793 0.0113384 -0.0108036 0.688788
628.pcd 51.265 32.2978 -0.570931 0.741817 0.0103122 -0.00862539 0.670468
629.pcd 51.3456 32.798 -0.569941 0.759585 0.0117347 -0.00968206 0.65023
630.pcd 51.4656 33.1265 -0.570448 0.819415 0.00927731 -0.00966514 0.573044
631.pcd 51.6831 33.5883 -0.570337 0.831418 0.00621495 -0.00857636 0.555546
632.pcd 51.7073 33.8172 -0.577466 0.779405 0.00655928 -0.00764319 0.626439
633.pcd 51.7819 34.3251 -0.582961 0.743293 0.00683557 -0.00863613 0.668876
634.pcd 51.8127 34.8242 -0.588381 0.729202 0.0106941 -0.0102133 0.684139
635.pcd 51.8381 35.3384 -0.590839 0.722095 0.0107542 -0.00788072 0.691666
636.pcd 51.8594 35.8861 -0.596174 0.719809 0.0110684 -0.00489558 0.694066
637.pcd 51.896 36.4047 -0.599928 0.733521 0.0124724 -0.00659361 0.67952
638.pcd 51.9535 36.9154 -0.598631 0.743108 0.0162337 -0.0101733 0.668897
639.pcd 52.0144 37.4141 -0.604485 0.749561 0.0122392 -0.00385993 0.66181
640.pcd 52.0849 37.9093 -0.609742 0.75366 0.0138446 -0.00396077 0.657106
641.pcd 52.158 38.4197 -0.615026 0.757723 0.0130985 -0.00419788 0.652431
642.pcd 52.242 38.9573 -0.617545 0.761131 0.0141689 -0.00488945 0.648425
643.pcd 52.3238 39.4629 -0.62221 0.753673 0.0138383 -0.00363319 0.657094
644.pcd 52.3708 40.0106 -0.627625 0.738475 0.0134633 -0.00445839 0.674131
645.pcd 52.4156 40.5516 -0.632335 0.731725 0.0149842 -0.00482198 0.681418
646.pcd 52.4534 41.0644 -0.635857 0.729893 0.0145842 -0.00219698 0.683402
647.pcd 52.4978 41.6132 -0.64072 0.729944 0.0175347 -0.0013785 0.683281
648.pcd 52.5301 42.1197 -0.643399 0.731218 0.0182966 -0.00234786 0.681895
649.pcd 52.5787 42.6294 -0.645791 0.732928 0.0171371 -0.00244155 0.680086
650.pcd 52.62 43.1288 -0.647752 0.734513 0.016873 -0.000937926 0.678384
651.pcd 52.6621 43.639 -0.650274 0.736321 0.0177942 -0.0029837 0.676391
652.pcd 52.7138 44.1815 -0.65283 0.738319 0.0164409 -0.00234448 0.674247
653.pcd 52.7653 44.6859 -0.656337 0.740159 0.0153821 -0.00213691 0.672252
654.pcd 52.8112 45.1844 -0.658168 0.741989 0.0164766 -0.0053302 0.670188
655.pcd 52.8716 45.6973 -0.661967 0.74355 0.0150737 -0.00285884 0.668504
656.pcd 52.9257 46.2028 -0.666641 0.745068 0.0152541 -0.00261975 0.666809
657.pcd 52.9847 46.707 -0.670194 0.746425 0.0147456 -0.00251436 0.665301
658.pcd 53.0384 47.2177 -0.675151 0.73601 0.013547 -0.00120608 0.676834
659.pcd 53.0407 47.7687 -0.680697 0.719223 0.0143556 -0.00202271 0.694628
660.pcd 53.0787 48.2846 -0.687775 0.729847 0.0127347 -0.000611231 0.683492
661.pcd 53.1201 48.7834 -0.692161 0.736726 0.0142166 -0.002838 0.676036
662.pcd 53.1747 49.292 -0.695867 0.741665 0.0137602 -0.00274142 0.670624
663.pcd 53.2294 49.7942 -0.703596 0.744093 0.0132953 -0.00332022 0.667935
664.pcd 53.2885 50.2957 -0.70746 0.74706 0.0131828 -0.00365024 0.664616
665.pcd 53.3478 50.8002 -0.712053 0.749412 0.0136778 -0.0020175 0.661959
666.pcd 53.4228 51.3062 -0.719987 0.751882 0.0135613 -0.00147356 0.659156
667.pcd 53.4976 51.8432 -0.721388 0.753722 0.015086 -0.00314917 0.657013
668.pcd 53.5759 52.3511 -0.727765 0.756007 0.0131268 -0.00233186 0.654427
669.pcd 53.6544 52.8528 -0.730962 0.75816 0.0136851 -0.00482757 0.651907
670.pcd 53.7191 53.3648 -0.735491 0.744292 0.013214 -0.00369893 0.667714
671.pcd 53.7334 53.8716 -0.740447 0.714942 0.0122379 -0.00306629 0.699069
672.pcd 53.7442 54.376 -0.746096 0.717507 0.0137085 -0.00164409 0.696415
673.pcd 53.7642 54.8811 -0.745863 0.723115 0.014466 -0.000887803 0.690575
674.pcd 53.7994 55.3921 -0.761499 0.72901 0.0134062 0.000959462 0.684371
675.pcd 53.8488 55.9093 -0.765878 0.739335 0.0142728 -9.21222e-05 0.673186
676.pcd 53.9087 56.4068 -0.77275 0.745763 0.0148054 -0.00166175 0.666045
677.pcd 53.9727 56.9094 -0.778338 0.750681 0.0137768 -0.00232203 0.660517
678.pcd 54.0436 57.4207 -0.785286 0.754954 0.0123355 -0.00193208 0.655659
679.pcd 54.118 57.9172 -0.792937 0.757428 0.0123448 -0.002567 0.652798
680.pcd 54.1995 58.4159 -0.791869 0.760389 0.0131684 -0.00309466 0.649327
681.pcd 54.2803 58.9254 -0.799368 0.762773 0.0124753 -0.00247621 0.646541
682.pcd 54.3708 59.4224 -0.808258 0.764845 0.0133921 -0.00281222 0.644068
683.pcd 54.4616 59.9204 -0.809913 0.766085 0.0130067 -0.00212527 0.642604
684.pcd 54.5398 60.0593 -0.807632 0.831141 0.0105413 -0.00420736 0.555946
685.pcd 54.5793 60.0489 -0.807243 0.878405 0.00911156 -0.00610282 0.47779
686.pcd 54.6237 60.0282 -0.815701 0.92323 0.00668035 -0.00786474 0.384109
687.pcd 54.6492 59.9932 -0.814498 0.959597 0.0047033 -0.00915803 0.28119
688.pcd 54.6988 59.9502 -0.812939 0.984584 0.00322741 -0.010295 0.174577
689.pcd 54.7404 59.911 -0.814146 0.997745 0.00048481 -0.0119988 0.0660371
690.pcd 54.7669 59.88 -0.815246 0.999591 -0.00183604 -0.0128133 -0.0254822
691.pcd 55.2709 59.8327 -0.828318 0.99879 -0.00263162 -0.0103884 -0.0480067
692.pcd 55.8049 59.762 -0.831415 0.998247 -0.00251939 -0.01143 -0.0580251
693.pcd 56.3087 59.6958 -0.835597 0.997755 -0.00222298 -0.0134008 -0.0655754
694.pcd 56.8091 59.6216 -0.836925 0.997406 -0.00293874 -0.0159231 -0.0701429
695.pcd 57.3196 59.5461 -0.839779 0.997086 -0.00497471 -0.0131507 -0.0749734
696.pcd 57.8194 59.4664 -0.837376 0.996812 -0.00338718 -0.0148112 -0.0783252
697.pcd 58.3375 59.3741 -0.848468 0.996584 -0.00344967 -0.0113878 -0.0817256
698.pcd 58.8771 59.2809 -0.855923 0.996508 -0.00287633 -0.0149666 -0.0820982
699.pcd 59.3712 59.1974 -0.848534 0.996233 -0.00396763 -0.0163072 -0.0850781
700.pcd 59.9174 59.1048 -0.861054 0.996087 -0.00209359 -0.0113343 -0.087625
701.pcd 60.4162 59.0018 -0.854572 0.996047 -0.00147357 -0.0130764 -0.087853
702.pcd 60.9716 58.9034 -0.856531 0.995676 -0.00166988 -0.0141714 -0.0917876
703.pcd 61.5069 58.8012 -0.860973 0.995453 -0.00040304 -0.015077 -0.0940516
704.pcd 62.0488 58.6935 -0.859693 0.99507 -0.00134587 -0.0156047 -0.0979326
705.pcd 62.5808 58.5906 -0.868839 0.9949 -0.000490847 -0.0094135 -0.100425
706.pcd 63.1229 58.463 -0.881611 0.994633 -0.00117531 -0.0116062 -0.10281
707.pcd 63.6605 58.3434 -0.876376 0.994265 -0.000666487 -0.0144796 -0.105958
708.pcd 64.1562 58.2358 -0.884562 0.994141 -0.00126098 -0.00984878 -0.107638
709.pcd 64.1573 58.3343 -0.876015 0.999829 -0.00496404 -0.00931754 -0.0151649
710.pcd 64.389 58.2377 -0.885712 0.992838 -0.00313664 -0.0113009 -0.118894
711.pcd 64.3807 58.1998 -0.879165 0.977831 -0.00523813 -0.0129252 -0.208929
712.pcd 64.3567 58.1864 -0.882904 0.955396 -0.00690303 -0.0134291 -0.29494
713.pcd 64.3222 58.1479 -0.881336 0.914572 -0.0100286 -0.0139755 -0.404057
714.pcd 64.2779 58.1266 -0.878033 0.858327 -0.0118455 -0.0144142 -0.512764
715.pcd 64.2316 58.1272 -0.880821 0.794002 -0.0157129 -0.0147037 -0.607535
716.pcd 64.1842 58.1191 -0.880128 0.727831 -0.016711 -0.014811 -0.685393
717.pcd 64.1445 58.1314 -0.87565 0.649593 -0.0173768 -0.0149948 -0.759936
718.pcd 64.2129 57.9527 -0.876972 0.714269 -0.0184903 -0.0117249 -0.699529
719.pcd 64.1452 57.4884 -0.868044 0.642705 -0.0188463 -0.013613 -0.765761
720.pcd 64.0062 56.9713 -0.865385 0.616642 -0.0173831 -0.0137217 -0.786932
721.pcd 63.9767 56.5025 -0.85638 0.683085 -0.0151224 -0.0111105 -0.730098
722.pcd 63.9574 55.9833 -0.857599 0.699939 -0.0170588 -0.0127289 -0.713885
723.pcd 63.9582 55.4129 -0.847193 0.707913 -0.0164773 -0.014415 -0.70596
724.pcd 63.9424 54.7995 -0.840397 0.697567 -0.0145551 -0.0150205 -0.716214
725.pcd 63.9062 54.1876 -0.838129 0.685064 -0.0145312 -0.0158215 -0.728166
726.pcd 63.8601 53.6506 -0.835379 0.679473 -0.015842 -0.0174004 -0.733323
727.pcd 63.8159 53.1329 -0.833972 0.673961 -0.0172272 -0.016105 -0.73839
728.pcd 63.7607 52.6151 -0.825448 0.672242 -0.0164463 -0.016037 -0.739975
729.pcd 63.7011 52.0545 -0.823526 0.670615 -0.0154155 -0.0183462 -0.741418
730.pcd 63.6423 51.492 -0.812525 0.668592 -0.0172898 -0.018155 -0.743207
731.pcd 63.5726 50.9229 -0.81154 0.666501 -0.0161207 -0.0178214 -0.745117
732.pcd 63.5061 50.3373 -0.799686 0.664328 -0.0141638 -0.0180786 -0.747088
733.pcd 63.4343 49.773 -0.790628 0.662562 -0.0162618 -0.0190087 -0.748589
734.pcd 63.3559 49.2025 -0.78838 0.659869 -0.0133637 -0.0169703 -0.75107
735.pcd 63.2791 48.6385 -0.77456 0.657093 -0.0158032 -0.016995 -0.753453
736.pcd 63.1915 48.0597 -0.771843 0.655393 -0.0124273 -0.0160032 -0.755016
737.pcd 63.1064 47.5105 -0.763787 0.653968 -0.0131605 -0.0179462 -0.756195
738.pcd 63.0209 46.9375 -0.761226 0.651577 -0.0122813 -0.0163144 -0.758307
739.pcd 62.9247 46.3612 -0.757613 0.649341 -0.0134444 -0.0176558 -0.760174
740.pcd 62.8354 45.8638 -0.750898 0.647404 -0.0144392 -0.0166769 -0.761828
741.pcd 62.7503 45.3461 -0.746776 0.646903 -0.0150372 -0.0175084 -0.762223
742.pcd 62.666 44.8478 -0.74217 0.646399 -0.0138853 -0.016288 -0.762699
743.pcd 62.5758 44.3236 -0.732134 0.645305 -0.0141888 -0.0161823 -0.763622
744.pcd 62.5174 44.2118 -0.728138 0.572802 -0.0179171 -0.0140557 -0.819377
745.pcd 62.4615 44.2263 -0.726383 -0.491902 0.0191456 0.0141301 0.870325
746.pcd 62.4156 44.2496 -0.727177 -0.403753 0.0198942 0.0131954 0.914556
747.pcd 62.3857 44.28 -0.729819 -0.310857 0.0210191 0.0134181 0.95013
748.pcd 62.3659 44.3192 -0.723696 -0.214491 0.0208387 0.0119559 0.976431
749.pcd 62.3435 44.3737 -0.724197 -0.107221 0.0200231 0.0114228 0.993968
750.pcd 62.3351 44.4214 -0.724379 -0.000738715 0.0207944 0.010395 0.999729
751.pcd 61.8222 44.4415 -0.721734 0.0135481 0.0213484 0.0110783 0.999619
752.pcd 61.2316 44.4664 -0.718849 0.0172928 0.0189734 0.00939755 0.999626
753.pcd 60.719 44.4806 -0.715686 -0.000761747 0.0200893 0.00976429 0.99975
754.pcd 60.1859 44.4557 -0.710154 -0.0163298 0.017979 0.0115827 0.999638
755.pcd 59.5967 44.4558 -0.700116 -0.00727311 0.0192271 0.00957486 0.999743
756.pcd 59.0341 44.4512 -0.702309 0.000975757 0.0189078 0.00957363 0.999775
757.pcd 58.4679 44.4608 -0.696 0.0064684 0.0204537 0.0105526 0.999714
758.pcd 57.9113 44.476 -0.694705 0.0116694 0.0215797 0.0108058 0.999641
759.pcd 57.3809 44.4937 -0.688255 0.0138573 0.0192887 0.0114049 0.999653
760.pcd 56.8081 44.511 -0.682741 0.0183167 0.0184656 0.0106865 0.999605
761.pcd 56.5938 44.4687 -0.680772 -0.0716067 0.0170055 0.00530616 0.997274
762.pcd 56.6031 44.4025 -0.6787 -0.179096 0.0160965 0.00623916 0.98368
763.pcd 56.6235 44.3459 -0.678944 -0.303006 0.0170505 0.00774259 0.952805
764.pcd 56.6639 44.3108 -0.677233 -0.388692 0.0175322 0.00861661 0.921161
765.pcd 56.7095 44.28 -0.677301 -0.487594 0.0159602 0.00852717 0.872883
766.pcd 56.7563 44.2564 -0.678018 0.590873 -0.0156043 -0.00920367 -0.806561
767.pcd 56.8226 44.2482 -0.681598 0.67286 -0.0149085 -0.00943404 -0.73956
768.pcd 56.8337 43.7232 -0.675632 0.706882 -0.013427 -0.00890145 -0.707148
769.pcd 56.8402 43.1159 -0.676008 0.712329 -0.0147697 -0.0118581 -0.70159
770.pcd 56.8492 42.4925 -0.669565 0.704864 -0.0153811 -0.0157055 -0.709002
771.pcd 56.7663 41.889 -0.668136 0.658377 -0.0146938 -0.0145008 -0.752405
772.pcd 56.6744 41.3467 -0.66455 0.64278 -0.0131218 -0.013745 -0.765815
773.pcd 56.5578 40.7592 -0.661714 0.6332 -0.0130357 -0.0143788 -0.773745
774.pcd 56.4267 40.1741 -0.655413 0.62654 -0.0142117 -0.0146474 -0.779122
775.pcd 56.3058 39.5897 -0.65053 0.642372 -0.0142199 -0.0121474 -0.766165
776.pcd 56.2857 39.0701 -0.645214 0.68735 -0.0142036 -0.0102338 -0.726115
777.pcd 56.2582 38.4825 -0.638011 0.695578 -0.0161991 -0.0147558 -0.718117
778.pcd 56.2106 37.9575 -0.631423 0.66159 -0.0173222 -0.011122 -0.749583
779.pcd 56.0548 37.4831 -0.630117 0.581764 -0.0166298 -0.00983409 -0.813128
780.pcd 55.7597 36.965 -0.622563 0.502949 -0.0189761 -0.0100806 -0.864049
781.pcd 55.4507 36.4922 -0.611833 -0.48138 0.0205755 0.014211 0.876155
782.pcd 55.1554 36.0674 -0.608072 -0.47461 0.0156256 0.0159546 0.879913
783.pcd 54.908 35.5804 -0.606101 0.567251 -0.00817775 -0.016653 -0.823336
784.pcd 54.9167 35.3292 -0.600102 0.652447 -0.0101929 -0.0151415 -0.757615
785.pcd 54.878 34.811 -0.592874 0.688963 -0.00833781 -0.0138421 -0.724617
786.pcd 54.9102 34.2292 -0.586573 0.724279 -0.00976172 -0.0170645 -0.689227
787.pcd 54.938 33.7038 -0.580584 0.731677 -0.00858285 -0.0191345 -0.681328
788.pcd 54.9804 33.1451 -0.571899 0.734162 -0.0092417 -0.0197151 -0.678625
789.pcd 55.0601 32.7461 -0.564093 0.801725 -0.00763488 -0.014484 -0.597469
790.pcd 55.1218 32.7778 -0.566225 0.872665 -0.0078606 -0.0150185 -0.488026
791.pcd 55.1543 32.8095 -0.56985 0.917712 -0.00687431 -0.0145818 -0.396919
792.pcd 55.1808 32.849 -0.573219 0.953876 -0.00608681 -0.0158634 -0.299719
793.pcd 55.1902 32.8855 -0.577906 0.979675 -0.00475548 -0.0170539 -0.199809
794.pcd 55.2283 32.9325 -0.579929 0.995468 -0.0013171 -0.0167659 -0.0935973
795.pcd 55.2361 32.9776 -0.575527 0.999804 -0.00370455 -0.0190749 -0.00387754
796.pcd 55.7363 33.0067 -0.577163 0.999632 -0.00178537 -0.0152556 0.0223496
797.pcd 56.361 33.0445 -0.581179 0.999492 0.00123448 -0.0167996 0.0270563
798.pcd 56.9821 33.0344 -0.581265 0.999846 0.000809724 -0.015954 -0.00728517
799.pcd 57.5329 33.0069 -0.5799 0.999494 0.000824197 -0.0191391 -0.0253772
800.pcd 58.0442 32.9548 -0.580648 0.998852 0.00171623 -0.0176196 -0.0445033
801.pcd 58.5693 32.8999 -0.576667 0.998542 0.00215703 -0.0194379 -0.0503187
802.pcd 59.0783 32.8422 -0.573291 0.998225 0.00170063 -0.0192261 -0.0563389
803.pcd 59.5835 32.7769 -0.578638 0.998118 0.00314499 -0.0162018 -0.0590567
804.pcd 60.1686 32.6992 -0.572545 0.997916 0.00496516 -0.016467 -0.0621863
805.pcd 60.2813 32.6527 -0.569976 0.986064 0.00114506 -0.0155097 -0.165638
806.pcd 60.2651 32.6057 -0.574803 0.964418 -0.00108582 -0.0154205 -0.263929
807.pcd 60.2376 32.5793 -0.569913 0.927925 -0.00219766 -0.0146754 -0.372471
808.pcd 60.1853 32.5299 -0.567669 0.870443 -0.0032589 -0.0161369 -0.491994
809.pcd 60.1422 32.502 -0.567704 0.822103 -0.00535614 -0.0162046 -0.569082
810.pcd 60.0938 32.4778 -0.567605 0.767939 -0.00634165 -0.0154314 -0.640306
811.pcd 60.0248 32.4534 -0.5708 0.700411 -0.00777353 -0.0148481 -0.713543
812.pcd 60.0326 31.926 -0.570573 0.701597 -0.00752852 -0.0151179 -0.712374
813.pcd 60.0186 31.4204 -0.571477 0.700456 -0.0071749 -0.014806 -0.713506
814.pcd 60.0038 30.8191 -0.570634 0.697816 -0.00767625 -0.0152725 -0.716073
815.pcd 59.9813 30.3127 -0.572679 0.695925 -0.00824576 -0.0118415 -0.717969
816.pcd 59.96 29.7812 -0.574001 0.694536 -0.00848969 -0.0128187 -0.719294
817.pcd 59.9334 29.243 -0.572582 0.691969 -0.00878641 -0.0137768 -0.721742
818.pcd 59.9211 28.693 -0.570601 0.690676 -0.0096614 -0.0131211 -0.722981
819.pcd 59.8841 28.1608 -0.572772 0.688599 -0.00982761 -0.0140999 -0.724939
820.pcd 59.8551 27.558 -0.568484 0.68689 -0.00994443 -0.0133582 -0.72657
821.pcd 59.8213 27.0307 -0.569793 0.684019 -0.0106813 -0.0145556 -0.729241
822.pcd 59.7695 26.4478 -0.568824 0.68251 -0.00909189 -0.012779 -0.730708
823.pcd 59.7297 25.8557 -0.570739 0.680244 -0.00915799 -0.011804 -0.732833
824.pcd 59.6765 25.2549 -0.571888 0.676875 -0.0103974 -0.0129918 -0.73591
825.pcd 59.6276 24.6842 -0.57255 0.675387 -0.0102131 -0.0111077 -0.737309
826.pcd 59.5673 24.1637 -0.574731 0.671274 -0.00964104 -0.0107773 -0.741068
827.pcd 59.5122 23.6228 -0.575147 0.669085 -0.0109748 -0.0121296 -0.743006
828.pcd 59.4523 23.0994 -0.577047 0.666336 -0.00908852 -0.0112713 -0.745511
829.pcd 59.3861 22.5149 -0.57628 0.664755 -0.0090543 -0.00991244 -0.746941
830.pcd 59.3194 21.9904 -0.577427 0.662512 -0.0104958 -0.010158 -0.748909
831.pcd 59.2459 21.4331 -0.577307 0.66025 -0.0120002 -0.0120783 -0.750853
832.pcd 59.1796 20.9214 -0.577647 0.668822 -0.010063 -0.0120883 -0.743256
833.pcd 59.1951 20.3944 -0.578311 0.716755 -0.0094437 -0.00905664 -0.697202
834.pcd 59.2519 19.836 -0.57844 0.757931 -0.00889216 -0.00895055 -0.652213
835.pcd 59.3516 19.5711 -0.581661 0.813363 -0.00709234 -0.00897438 -0.581645
836.pcd 59.4864 19.3512 -0.584949 0.861714 -0.00593526 -0.00908441 -0.507278
837.pcd 59.7306 19.1002 -0.588062 0.910849 -0.00279443 -0.00786187 -0.412656
838.pcd 60.1522 18.7439 -0.597223 0.947264 0.00106022 -0.00544079 -0.320406
839.pcd 60.5983 18.4949 -0.606774 0.962442 -0.000859178 -0.00922949 -0.27133
840.pcd 61.0582 18.2446 -0.608539 0.971358 -0.00274815 -0.00961684 -0.23741
841.pcd 61.5917 17.9783 -0.614416 0.974451 -0.00060866 -0.0100136 -0.224377
842.pcd 62.0608 17.7782 -0.624685 0.980549 0.00414454 -0.00881525 -0.196031
843.pcd 62.1978 17.7924 -0.624458 0.995706 0.000972742 -0.00880715 -0.0921475
844.pcd 62.7094 17.7716 -0.628934 0.999879 0.00282758 -0.00757884 -0.0132944
845.pcd 63.3188 17.8379 -0.642137 0.998847 0.00402467 -0.00986932 0.0468168
846.pcd 63.8393 17.837 -0.642733 0.99983 0.00267671 -0.0124121 0.0133634
847.pcd 64.4518 17.8413 -0.644566 0.999885 0.00462145 -0.0131449 -0.00593413
848.pcd 64.9671 17.812 -0.64854 0.999814 0.0028965 -0.0127856 -0.0141372
849.pcd 65.4728 17.7914 -0.658342 0.999642 0.00294378 -0.00910762 -0.0249809
850.pcd 66.0315 17.7457 -0.674811 0.999578 0.00159596 -0.00143006 -0.0289671
851.pcd 66.5574 17.702 -0.692006 0.999487 0.00115711 -0.00474264 -0.0316655
852.pcd 67.0828 17.6788 -0.701728 0.999386 0.00128199 -0.0052729 -0.034624
853.pcd 67.6172 17.6325 -0.719515 0.999283 0.00169455 -0.000644135 -0.0378124
854.pcd 68.1939 17.5898 -0.74016 0.999193 0.00089432 -0.00382326 -0.039976
855.pcd 68.7283 17.5487 -0.750372 0.999006 0.00025692 -0.00797525 -0.0438619
856.pcd 69.2603 17.4892 -0.757319 0.998883 0.000136049 -0.00798544 -0.0465793
857.pcd 69.8221 17.4301 -0.766131 0.998734 0.00204946 -0.00782609 -0.0496524
858.pcd 70.391 17.3609 -0.772548 0.998552 0.00285262 -0.00898844 -0.0529629
859.pcd 70.9771 17.3094 -0.780461 0.998386 0.00339703 -0.00913381 -0.055958
860.pcd 71.5561 17.2346 -0.793028 0.998187 0.00452326 -0.00748827 -0.0595568
861.pcd 72.0675 17.1681 -0.801882 0.99799 0.00142601 -0.00807488 -0.0628408
862.pcd 72.5783 17.1021 -0.811702 0.997842 0.00109768 -0.00832952 -0.0651196
863.pcd 73.1794 16.9973 -0.823886 0.997715 0.000384799 -0.00887585 -0.0669717
864.pcd 73.6845 16.9418 -0.833962 0.997578 0.00229091 -0.00906102 -0.0689193
865.pcd 74.1907 16.8654 -0.844041 0.998518 0.00358053 -0.00773752 -0.0537488
866.pcd 74.7288 16.8323 -0.852073 0.999097 0.00365585 -0.00847184 -0.0414831
867.pcd 75.3047 16.7791 -0.862194 0.999425 0.00386202 -0.00969147 -0.0322625
868.pcd 75.8801 16.7347 -0.875581 0.999592 0.00325897 -0.00713504 -0.0274594
869.pcd 76.4436 16.7139 -0.882138 0.99957 0.00269469 -0.00716893 -0.0283219
870.pcd 77.0419 16.6681 -0.890545 0.999561 0.00188986 -0.00505741 -0.0291442
871.pcd 77.6135 16.6296 -0.901107 0.999508 0.00366314 -0.00559709 -0.0306459
872.pcd 78.1425 16.5977 -0.916547 0.999448 0.00351977 -0.00556155 -0.0325594
873.pcd 78.7219 16.5491 -0.925391 0.999314 0.00154135 -0.00850065 -0.0360099
874.pcd 79.2924 16.5044 -0.937605 0.999205 0.000918327 -0.00799743 -0.0390336
875.pcd 79.8877 16.458 -0.946728 0.999115 0.00100818 -0.00851976 -0.041172
876.pcd 80.399 16.4137 -0.955494 0.999121 6.91176e-05 -0.00397333 -0.0417188
877.pcd 80.3864 16.3654 -0.955285 0.987862 -0.00438258 -0.00638343 -0.155142
878.pcd 80.3765 16.3252 -0.951923 0.964544 -0.00735662 -0.00625107 -0.263746
879.pcd 80.3566 16.2904 -0.952428 0.933901 -0.00969417 -0.00732256 -0.357325
880.pcd 80.3292 16.261 -0.953182 0.892903 -0.0125706 -0.00701591 -0.450018
881.pcd 80.2882 16.2374 -0.949817 0.842941 -0.0146328 -0.00800304 -0.537747
882.pcd 80.2368 16.229 -0.952152 0.791237 -0.0168046 -0.00905608 -0.611211
883.pcd 80.1904 16.2279 -0.949502 0.719607 -0.0185875 -0.00946759 -0.694068
884.pcd 80.1821 15.7241 -0.951702 0.697365 -0.0172492 -0.00867008 -0.716456
885.pcd 80.162 15.1976 -0.950246 0.695326 -0.0157731 -0.00855443 -0.718471
886.pcd 80.1437 14.6173 -0.952156 0.693697 -0.0147903 -0.00777664 -0.720073
887.pcd 80.1168 14.0681 -0.951883 0.690314 -0.0160236 -0.00863219 -0.723281
888.pcd 80.0872 13.5678 -0.954077 0.689288 -0.0137548 -0.00760383 -0.724317
889.pcd 80.0607 12.947 -0.953056 0.686411 -0.0163202 -0.00939126 -0.72697
890.pcd 80.0183 12.4463 -0.954872 0.68404 -0.0150751 -0.00811598 -0.729244
891.pcd 79.9924 11.9377 -0.960339 0.682904 -0.0133986 -0.00597519 -0.730361
892.pcd 79.9368 11.3204 -0.956517 0.681094 -0.0170171 -0.00806278 -0.731954
893.pcd 79.8922 10.7008 -0.956594 0.678941 -0.0155614 -0.00617364 -0.734002
894.pcd 79.8361 10.1927 -0.958644 0.677006 -0.0140734 -0.004175 -0.735831
895.pcd 79.7834 9.56766 -0.95686 0.674524 -0.0171851 -0.00757776 -0.738014
896.pcd 79.7362 9.06494 -0.955653 0.671711 -0.0165416 -0.00618535 -0.740603
897.pcd 79.6865 8.5642 -0.954155 0.669637 -0.0178684 -0.00869617 -0.742423
898.pcd 79.6274 8.06079 -0.951697 0.66855 -0.015722 -0.00771724 -0.743461
899.pcd 79.573 7.55936 -0.954237 0.666372 -0.014849 -0.00599103 -0.745447
900.pcd 79.5038 7.06299 -0.952119 0.664902 -0.0157126 -0.00664511 -0.746736
901.pcd 79.4389 6.48118 -0.952065 0.662349 -0.0155972 -0.00759079 -0.748994
902.pcd 79.3623 5.91007 -0.954391 0.659427 -0.0158703 -0.00731664 -0.751565
903.pcd 79.2833 5.35762 -0.94974 0.657947 -0.0173857 -0.00989276 -0.752798
904.pcd 79.2142 4.83752 -0.950792 0.654214 -0.0125904 -0.00745348 -0.756168
905.pcd 79.1068 4.22784 -0.949685 0.65146 -0.0156743 -0.00797763 -0.758479
906.pcd 79.008 3.62023 -0.949623 0.65011 -0.0153187 -0.00752985 -0.759648
907.pcd 78.9199 3.04341 -0.953191 0.647436 -0.0117228 -0.00587826 -0.762007
908.pcd 78.8278 2.50382 -0.951968 0.645809 -0.0128138 -0.00481995 -0.763376
909.pcd 78.7488 2.26299 -0.95208 0.56547 -0.0176693 -0.00685592 -0.824551
910.pcd 78.5751 1.77875 -0.947561 0.578302 -0.022857 -0.0043019 -0.815491
911.pcd 78.4289 1.50303 -0.945503 -0.481273 0.021467 0.00771201 0.876274
912.pcd 78.3716 1.53762 -0.942679 -0.403066 0.0236629 0.00771542 0.914832
913.pcd 78.3497 1.57152 -0.944316 -0.281007 0.0237532 0.00795241 0.959379
914.pcd 78.336 1.62103 -0.94143 -0.16634 0.0238085 0.00630137 0.985761
915.pcd 78.334 1.66822 -0.943075 -0.0680453 0.0250623 0.00593114 0.99735
916.pcd 77.7585 1.67423 -0.934069 0.0165537 0.0277098 0.00423004 0.99947
917.pcd 77.2151 1.79821 -0.92268 0.0989563 0.0254809 0.00369774 0.994759
918.pcd 76.6893 1.91685 -0.916056 0.113822 0.0243422 0.00388653 0.993195
919.pcd 76.131 2.07127 -0.903956 0.120212 0.025176 0.00441326 0.992419
920.pcd 75.6002 2.20544 -0.894616 0.125326 0.0263552 0.00355967 0.991759
921.pcd 75.4221 2.19893 -0.887916 0.0246021 0.0235922 0.00300315 0.999414
922.pcd 75.3677 2.13352 -0.882886 -0.0622191 0.0291854 -0.00349226 0.99763
923.pcd 75.006 2.03317 -0.879279 -0.156658 0.0226251 -0.000151278 0.987394
924.pcd 74.5718 1.80096 -0.868315 -0.245277 0.0228756 0.00152452 0.969182
925.pcd 74.0967 1.54255 -0.858213 -0.261081 0.0237698 0.00505497 0.965011
926.pcd 73.6092 1.25513 -0.849188 -0.232818 0.0234934 0.00297247 0.972232
927.pcd 73.405 1.22112 -0.847249 -0.145142 0.0226197 0.000669188 0.989152
928.pcd 73.3546 1.28211 -0.845024 -0.0457773 0.0254212 0.00570584 0.998612
929.pcd 72.7535 1.25322 -0.833642 -0.0144412 0.0222937 0.00322744 0.999642
930.pcd 72.2046 1.27403 -0.822212 0.0223589 0.0245285 0.00102127 0.999449
931.pcd 71.6567 1.36538 -0.813228 0.0681104 0.0246163 0.00206718 0.997372
932.pcd 71.1264 1.45293 -0.805905 0.0863663 0.0241914 0.00438044 0.99596
933.pcd 70.5674 1.55976 -0.794765 0.0986202 0.0260906 0.00552597 0.994768
934.pcd 70.0324 1.65375 -0.785564 0.0592246 0.0220187 -0.00137513 0.998001
935.pcd 69.3963 1.67523 -0.773379 0.0176756 0.0230779 -0.00105948 0.999577
936.pcd 68.8268 1.68758 -0.761616 0.0110468 0.0251616 0.00174815 0.999621
937.pcd 68.29 1.70916 -0.752232 0.00686755 0.0248126 0.00352491 0.999662
938.pcd 67.7616 1.72575 -0.741402 0.00697937 0.0256827 0.00418514 0.999637
939.pcd 67.1802 1.72771 -0.733635 0.0097923 0.0238704 0.00419042 0.999658
940.pcd 66.616 1.74242 -0.724546 0.00951795 0.0271421 0.00302175 0.999582
941.pcd 66.0564 1.75936 -0.707686 0.0147528 0.028469 0.00176067 0.999484
942.pcd 65.5408 1.78649 -0.698124 0.0164284 0.0247503 0.00320537 0.999554
943.pcd 64.9289 1.82083 -0.691512 0.0169021 0.0242608 0.0042158 0.999554
944.pcd 64.3097 1.84211 -0.676625 0.0221116 0.025915 0.00510722 0.999407
945.pcd 63.7211 1.87818 -0.668785 0.0229261 0.0219867 0.00602638 0.999477
946.pcd 63.1433 1.89552 -0.663479 0.0228652 0.020218 0.00517561 0.999521
947.pcd 62.6434 1.8853 -0.657291 -0.0112801 0.0160345 0.00348291 0.999802
948.pcd 62.0208 1.83872 -0.650728 -0.0490276 0.0160035 0.00413287 0.998661
949.pcd 61.4286 1.72071 -0.65036 -0.102568 0.0201601 0.00700474 0.994497
950.pcd 60.8906 1.60836 -0.645042 -0.123274 0.0203132 0.00834495 0.99213
951.pcd 60.3267 1.45983 -0.646445 -0.128836 0.0169818 0.00785019 0.991489
952.pcd 59.7642 1.31548 -0.643021 -0.130198 0.0182494 0.00739866 0.991292
953.pcd 59.2368 1.17244 -0.641741 -0.152454 0.0171803 0.00401282 0.988153
954.pcd 58.6847 0.968668 -0.639461 -0.185809 0.018053 0.00237749 0.982417
955.pcd 58.5262 0.848686 -0.635035 -0.302147 0.0179064 0.00172634 0.953091
956.pcd 58.5803 0.798016 -0.634943 -0.411998 0.0170199 0.00313543 0.91102
957.pcd 58.6453 0.744101 -0.631896 0.51481 -0.0158097 -0.00207527 -0.857156
958.pcd 58.6718 0.619973 -0.63019 0.594558 -0.0196536 -0.000977771 -0.803812
959.pcd 58.5382 0.0708481 -0.629722 0.648034 -0.0156142 -0.00176785 -0.761449
960.pcd 58.5633 -0.228082 -0.629439 0.715989 -0.0136958 -0.00213376 -0.697974
961.pcd 58.6585 -0.771472 -0.631771 0.758598 -0.0150237 -0.00415809 -0.651373
962.pcd 58.709 -1.28018 -0.63867 0.735016 -0.0138051 -0.00423217 -0.677895
963.pcd 58.6983 -1.85942 -0.639454 0.708674 -0.0138487 -0.00752663 -0.70536
964.pcd 58.6858 -2.46691 -0.63807 0.69686 -0.0140814 -0.0083551 -0.71702
965.pcd 58.6675 -2.98736 -0.639337 0.691132 -0.0130485 -0.00802291 -0.722566
966.pcd 58.6334 -3.55661 -0.6417 0.686946 -0.0129569 -0.00766863 -0.726553
967.pcd 58.5969 -4.11462 -0.64277 0.683981 -0.0136312 -0.00761847 -0.729333
968.pcd 58.5522 -4.67489 -0.646339 0.680521 -0.0126638 -0.00809216 -0.732575
969.pcd 58.5046 -5.24111 -0.647218 0.677939 -0.0113897 -0.00823272 -0.734984
970.pcd 58.4539 -5.79553 -0.651377 0.674824 -0.0115303 -0.00798589 -0.737846
971.pcd 58.3975 -6.37074 -0.654886 0.673232 -0.0129839 -0.00763324 -0.739278
972.pcd 58.3477 -6.9079 -0.654598 0.670767 -0.0123728 -0.00793401 -0.741523
973.pcd 58.2874 -7.45046 -0.658685 0.666997 -0.011988 -0.00552333 -0.744943
974.pcd 58.2116 -8.05198 -0.661221 0.664683 -0.0156779 -0.00884547 -0.746909
975.pcd 58.145 -8.66138 -0.666195 0.662998 -0.0149772 -0.00862449 -0.748421
976.pcd 58.0539 -9.24508 -0.663248 0.659184 -0.0134519 -0.00752667 -0.751824
977.pcd 57.9803 -9.78243 -0.666137 0.657155 -0.0156223 -0.00776455 -0.753554
978.pcd 57.8978 -10.3632 -0.666741 0.655693 -0.01549 -0.00700097 -0.754836
979.pcd 57.8208 -10.9001 -0.665494 0.654295 -0.0143232 -0.00654069 -0.756076
980.pcd 57.7423 -11.4079 -0.671577 0.652978 -0.0128523 -0.00709208 -0.757234
981.pcd 57.6953 -11.4563 -0.66494 0.578937 -0.0160555 -0.00640934 -0.815189
982.pcd 57.6539 -11.4349 -0.66558 -0.497518 0.0178967 0.00695687 0.867241
983.pcd 57.6219 -11.41 -0.664638 -0.419613 0.0195591 0.00615454 0.907471
984.pcd 57.593 -11.3762 -0.661055 -0.322649 0.0198063 0.00605606 0.946292
985.pcd 57.5708 -11.3361 -0.660316 -0.226928 0.0207156 0.00419265 0.973682
986.pcd 57.5578 -11.2983 -0.659851 -0.128103 0.023487 0.00446963 0.991473
987.pcd 57.2434 -11.3133 -0.656856 -0.0356878 0.019104 0.00196319 0.999178
988.pcd 57.1564 -11.39 -0.656634 -0.160028 0.0142854 0.00101179 0.987009
989.pcd 57.1763 -11.4381 -0.658697 -0.264401 0.0149653 0.0014416 0.964296
990.pcd 57.2067 -11.4856 -0.657208 -0.368799 0.0146574 0.00348222 0.929387
991.pcd 57.2428 -11.5196 -0.65614 -0.467169 0.0133704 0.00390205 0.884058
992.pcd 57.2863 -11.559 -0.652987 0.561046 -0.0100621 -0.00555952 -0.827705
993.pcd 57.3301 -11.5761 -0.653327 0.647759 -0.00983797 -0.00619743 -0.761757
994.pcd 57.3797 -11.5889 -0.659181 0.715781 -0.0101969 -0.0071362 -0.698214
995.pcd 57.496 -12.0964 -0.663772 0.7657 -0.00953443 -0.0066599 -0.643093
996.pcd 57.4603 -12.1853 -0.664554 0.688473 -0.0106282 -0.00755928 -0.725145
997.pcd 57.4182 -12.1682 -0.664571 0.590833 -0.0146042 -0.00866201 -0.806615
998.pcd 57.3752 -12.1436 -0.662549 0.506312 -0.0165615 -0.00812888 -0.862153
999.pcd 57.3402 -12.1137 -0.662604 -0.41809 0.018558 0.00652843 0.908192
1000.pcd 57.3146 -12.0816 -0.661191 -0.324959 0.0193042 0.00490693 0.945518
1001.pcd 57.2927 -12.0422 -0.663002 -0.228332 0.0204721 0.0040727 0.97336
1002.pcd 57.2789 -11.9951 -0.65985 -0.13696 0.0199555 0.00372505 0.990369
1003.pcd 57.2772 -11.9538 -0.661188 -0.0390596 0.022251 0.00289974 0.998985
1004.pcd 56.7489 -11.9842 -0.656884 -0.0161057 0.0184078 0.00164861 0.999699
1005.pcd 56.1283 -11.9312 -0.654879 0.0430839 0.0190442 0.000364531 0.99889
1006.pcd 55.5774 -11.8494 -0.64896 0.0584165 0.0218811 5.22812e-05 0.998052
1007.pcd 55.0781 -11.7963 -0.646187 0.0644353 0.0193926 0.00154104 0.997732
1008.pcd 54.5175 -11.7088 -0.641894 0.0703728 0.0218935 0.00196515 0.997279
1009.pcd 53.982 -11.6281 -0.640026 0.0761708 0.0164389 0.000557034 0.996959
1010.pcd 53.4052 -11.5265 -0.639994 0.0807128 0.0200498 0.0025492 0.996532
1011.pcd 52.8646 -11.4359 -0.631923 0.0834448 0.0214118 0.00158147 0.996281
1012.pcd 52.3528 -11.366 -0.625999 0.0571046 0.0184171 0.000802769 0.998198
1013.pcd 51.7966 -11.3459 -0.623522 0.00769266 0.0193189 0.000935136 0.999783
1014.pcd 51.2147 -11.3641 -0.619362 -0.0184363 0.0217286 0.00208992 0.999592
1015.pcd 50.6799 -11.3923 -0.616284 -0.0289711 0.0185919 0.00203745 0.999405
1016.pcd 50.1595 -11.4188 -0.614825 -0.0321312 0.0183809 0.00323271 0.999309
1017.pcd 49.5829 -11.4569 -0.611438 -0.0328556 0.020191 0.00342669 0.99925
1018.pcd 49.0536 -11.4904 -0.605902 -0.0305702 0.020439 0.00355345 0.999317
1019.pcd 48.5512 -11.5164 -0.604951 -0.0286241 0.0180935 0.00246522 0.999423
1020.pcd 48.0198 -11.5437 -0.60181 -0.027499 0.0187784 0.00245496 0.999442
1021.pcd 47.4859 -11.5738 -0.601061 -0.024803 0.0170373 0.00306108 0.999542
1022.pcd 46.9063 -11.5778 -0.608463 -0.00399499 0.011632 0.00323477 0.999919
1023.pcd 46.5489 -11.5131 -0.612798 0.0940286 0.00779144 -0.00335774 0.995533
1024.pcd 46.348 -11.41 -0.611986 0.18883 0.00866541 -0.00398909 0.981963
1025.pcd 45.9593 -11.3292 -0.618914 0.0883532 0.0084887 -0.00728835 0.996026
1026.pcd 45.52 -11.3709 -0.622903 0.000819338 0.00641721 -0.00527508 0.999965
1027.pcd 44.9443 -11.3821 -0.632497 -0.0171897 0.0100216 -0.00292035 0.999798
1028.pcd 44.3766 -11.3952 -0.637876 -0.0124072 0.0136913 -0.00117744 0.999829
1029.pcd 44.201 -11.3654 -0.643023 0.108913 0.0112042 -0.00858454 0.993951
1030.pcd 44.2271 -11.3189 -0.64106 0.232524 0.0102166 -0.00715547 0.972511
1031.pcd 44.2509 -11.285 -0.635211 0.321858 0.0114612 -0.00717846 0.946691
1032.pcd 44.2779 -11.2614 -0.630826 0.40731 0.0115202 -0.0101157 0.913161
1033.pcd 44.3056 -11.2368 -0.629958 0.49431 0.0128381 -0.0118452 0.86911
1034.pcd 44.33 -11.2218 -0.626025 0.575965 0.0148463 -0.0139675 0.81722
1035.pcd 44.3713 -11.2056 -0.627843 0.650444 0.014658 -0.0127655 0.759305
1036.pcd 44.4134 -11.1799 -0.62829 0.733812 0.0160289 -0.0114055 0.679068
1037.pcd 44.5306 -10.6776 -0.625034 0.786808 0.00983561 -0.0143151 0.616954
1038.pcd 44.5674 -10.2442 -0.619324 0.714505 0.0078437 -0.0152475 0.699421
1039.pcd 44.5063 -10.1138 -0.611961 0.637905 0.011017 -0.0168014 0.769853
1040.pcd 44.4101 -9.93114 -0.614952 0.555921 0.0143353 -0.0139877 0.830994
1041.pcd 44.2087 -9.61713 -0.610029 0.47717 0.0165789 -0.00824432 0.878616
1042.pcd 44.0858 -9.29044 -0.604931 0.56772 0.0201018 -0.00627179 0.822952
1043.pcd 44.1078 -9.12427 -0.604663 0.637962 0.0177577 -0.00556852 0.769843
1044.pcd 44.0881 -8.60437 -0.602412 0.692964 0.0156912 -0.0110694 0.720717
1045.pcd 44.0147 -8.17209 -0.595793 0.608679 0.0162341 -0.0112988 0.79317
1046.pcd 43.9558 -8.1897 -0.594346 0.520273 0.0173573 -0.0113821 0.853748
1047.pcd 43.9079 -8.2104 -0.595192 0.438927 0.0192215 -0.00975664 0.898264
1048.pcd 43.8675 -8.24902 -0.593023 0.341401 0.0201447 -0.0078949 0.939669
1049.pcd 43.8334 -8.29414 -0.597784 0.253992 0.0200226 -0.00716717 0.966972
1050.pcd 43.8138 -8.33943 -0.601309 0.155713 0.0186311 -0.00648548 0.987605
1051.pcd 43.8064 -8.39267 -0.60286 0.0532738 0.0179612 -0.0055218 0.998403
1052.pcd 43.2166 -8.39395 -0.587503 0.0144673 0.028859 -0.00740364 0.999451
1053.pcd 42.6509 -8.37729 -0.571498 0.0128078 0.0322737 -0.00555961 0.999382
1054.pcd 42.081 -8.3369 -0.558206 0.0358482 0.0303253 -0.00442731 0.998887
1055.pcd 41.5525 -8.27256 -0.548351 0.060766 0.0296391 -0.00628633 0.997692
1056.pcd 40.9972 -8.19241 -0.534504 0.07196 0.0300382 -0.0043428 0.996946
1057.pcd 40.4456 -8.15217 -0.521494 0.0144825 0.0254359 -0.0044829 0.999561
1058.pcd 39.9156 -8.18386 -0.507121 -0.0335926 0.0247889 -0.00800801 0.999096
1059.pcd 39.395 -8.23038 -0.497403 -0.0447003 0.0277232 -0.00400916 0.998608
1060.pcd 39.188 -8.22297 -0.496897 0.0429987 0.0263808 -0.00424927 0.998718
1061.pcd 38.6236 -8.12097 -0.485902 0.072476 0.0241616 -0.000980233 0.997077
1062.pcd 38.0817 -8.06634 -0.47316 0.04565 0.0292651 -0.00267999 0.998525
1063.pcd 37.5793 -8.03341 -0.458848 0.0267662 0.0300572 -0.00119232 0.999189
1064.pcd 37.0293 -8.00262 -0.448394 0.0206677 0.0259411 -0.000231202 0.99945
1065.pcd 36.4783 -7.98015 -0.442693 0.0192575 0.0248538 0.000718841 0.999505
1066.pcd 35.9569 -7.94734 -0.427844 0.0293524 0.0276214 0.0032308 0.999182
1067.pcd 35.3806 -7.85481 -0.417478 0.0815643 0.0261474 0.0027107 0.996321
1068.pcd 34.8392 -7.78894 -0.408043 0.0436023 0.0261042 0.00396014 0.9987
1069.pcd 34.3366 -7.76422 -0.393297 0.0213511 0.0270958 0.00472053 0.999394
1070.pcd 33.7632 -7.74856 -0.380447 0.0102235 0.0270352 0.00947905 0.999537
1071.pcd 33.225 -7.72365 -0.371044 0.0210791 0.0260686 0.00798609 0.999406
1072.pcd 32.7192 -7.67648 -0.362617 0.0433973 0.024006 0.00666518 0.998747
1073.pcd 32.1433 -7.60655 -0.353614 0.0565928 0.0262914 0.00889107 0.998012
1074.pcd 31.2073 -7.47761 -0.333714 0.0658302 0.0240294 0.00878792 0.997503
1075.pcd 30.7058 -7.42544 -0.325923 0.0452269 0.024787 0.00832436 0.998634
1076.pcd 30.1318 -7.39061 -0.316305 0.0314994 0.0239711 0.00697091 0.999192
1077.pcd 29.5192 -7.34829 -0.306957 0.028126 0.0230678 0.00964086 0.999292
1078.pcd 28.9138 -7.30513 -0.295703 0.0287105 0.0248123 0.0110683 0.999218
1079.pcd 28.299 -7.2689 -0.288428 0.0315807 0.0247823 0.0125241 0.999115
1080.pcd 27.6883 -7.22175 -0.275522 0.0347528 0.0252101 0.0111539 0.999016
1081.pcd 27.1234 -7.1815 -0.269046 0.0370771 0.023926 0.0109925 0.998965
1082.pcd 26.5507 -7.13032 -0.259646 0.0415768 0.0228132 0.00969677 0.998828
1083.pcd 26.0503 -7.08234 -0.250312 0.0435137 0.0250976 0.00924391 0.998695
1084.pcd 25.4509 -7.02338 -0.243065 0.0472194 0.0230501 0.011118 0.998557
1085.pcd 24.94 -6.96898 -0.235891 0.0501003 0.024238 0.0103598 0.998396
1086.pcd 24.3985 -6.906 -0.228912 0.0531498 0.025052 0.0102283 0.99822
1087.pcd 23.8791 -6.84563 -0.218989 0.0511911 0.0258822 0.00990142 0.998304
1088.pcd 23.3781 -6.80534 -0.213475 0.0383189 0.0236475 0.00936972 0.998942
1089.pcd 22.8669 -6.76678 -0.206422 0.0333979 0.0256952 0.0101622 0.99906
1090.pcd 22.2391 -6.72424 -0.19698 0.0324705 0.0255745 0.0088623 0.999106
1091.pcd 21.7258 -6.68297 -0.188182 0.0334435 0.0267042 0.00784152 0.999053
1092.pcd 21.2018 -6.64765 -0.182899 0.0347962 0.0226247 0.00915006 0.999096
1093.pcd 20.6278 -6.60499 -0.173995 0.0349065 0.021986 0.010131 0.999097
1094.pcd 20.1097 -6.55506 -0.165176 0.0391383 0.0224532 0.0102463 0.998929
1095.pcd 19.7518 -6.50024 -0.155618 0.147207 0.0225852 0.00767703 0.988818
1096.pcd 19.7878 -6.47557 -0.153515 0.264763 0.0219856 0.00547789 0.964047
1097.pcd 19.8236 -6.4556 -0.149776 0.380888 0.020059 0.0043759 0.924393
1098.pcd 19.8645 -6.44298 -0.151341 0.481094 0.0191548 0.00484822 0.876447
1099.pcd 19.9049 -6.44547 -0.154954 0.572969 0.0172873 0.00303944 0.819389
1100.pcd 19.9268 -6.44597 -0.157311 0.65465 0.0152655 0.000920664 0.755777
1101.pcd 19.9812 -5.89552 -0.166981 0.717025 0.0180858 0.00383806 0.696802
1102.pcd 20.0049 -5.3408 -0.172731 0.720163 0.016681 -0.000548875 0.693604
1103.pcd 20.03 -4.82242 -0.180809 0.722432 0.0159757 -0.000541191 0.691257
1104.pcd 20.0562 -4.24579 -0.189989 0.723592 0.0141127 0.00573966 0.69006
1105.pcd 20.0268 -3.87409 -0.197979 0.657078 0.0107986 0.00798939 0.753703
1106.pcd 19.9816 -3.87239 -0.196348 0.585057 0.0119171 0.0126041 0.810807
1107.pcd 19.921 -3.88534 -0.193625 0.493841 0.0118027 0.0133983 0.869369
1108.pcd 19.8468 -3.91536 -0.193243 0.382184 0.0132447 0.0140227 0.923885
1109.pcd 19.7975 -3.96505 -0.19184 0.260336 0.0170034 0.0136646 0.965272
1110.pcd 19.7802 -4.00438 -0.191998 0.174957 0.0194483 0.0123655 0.984306
1111.pcd 19.7145 -4.03478 -0.185768 0.0819276 0.0233854 0.0135798 0.996271
1112.pcd 19.2575 -3.91068 -0.179276 0.17137 0.0207781 0.0153916 0.984867
1113.pcd 18.8909 -3.84117 -0.177844 0.0847059 0.022415 0.0102942 0.996101
1114.pcd 18.3555 -3.85478 -0.165621 0.00566323 0.0252151 0.0102151 0.999614
1115.pcd 17.836 -3.85718 -0.160606 -0.00622466 0.0221807 0.0118725 0.999664
1116.pcd 17.2668 -3.83273 -0.156238 0.0243358 0.0222197 0.0142677 0.999355
1117.pcd 16.7581 -3.76113 -0.151717 0.0636309 0.0204785 0.0142609 0.997661
1118.pcd 16.2271 -3.73124 -0.145646 0.0119492 0.0209809 0.00836113 0.999674
1119.pcd 15.6332 -3.74396 -0.132242 -0.0149657 0.026431 0.0107645 0.999481
1120.pcd 15.1253 -3.71833 -0.124089 0.0351644 0.0242242 0.0130369 0.999003
1121.pcd 14.673 -3.57321 -0.117708 0.134875 0.0248188 0.0106978 0.990494
1122.pcd 14.1964 -3.41729 -0.11469 0.154427 0.0185996 0.00577184 0.987812
1123.pcd 13.6862 -3.33042 -0.107486 0.0680565 0.0200649 0.00428919 0.99747
1124.pcd 13.1476 -3.31861 -0.0952446 0.0137748 0.0237766 0.00101944 0.999622
1125.pcd 12.5727 -3.32053 -0.0852052 -0.00205225 0.0233357 0.00379837 0.999718
1126.pcd 12.0268 -3.31701 -0.0803052 -0.000847313 0.0214587 0.00524249 0.999756
1127.pcd 11.5221 -3.29864 -0.0707472 0.0207798 0.0238617 0.00553025 0.999484
1128.pcd 10.9915 -3.25947 -0.0631837 0.0364951 0.0225628 0.00772556 0.999049
1129.pcd 10.4015 -3.19475 -0.0520792 0.0480231 0.0245339 0.00826645 0.998511
1130.pcd 9.88034 -3.13212 -0.0444597 0.0533614 0.0216934 0.0102318 0.998287
1131.pcd 9.35723 -3.07032 -0.0408818 0.0587199 0.0228398 0.00910046 0.997972
1132.pcd 8.6601 -2.9796 -0.0385712 0.0616755 0.0189338 0.0114519 0.997851
1133.pcd 8.14664 -2.93525 -0.0342954 0.0370416 0.0193105 0.00810124 0.999094
1134.pcd 7.5869 -2.92125 -0.0253973 0.00860569 0.0234166 0.0106524 0.999632
1135.pcd 7.07398 -2.91451 -0.0165383 -0.00149379 0.0197899 0.00874026 0.999765
1136.pcd 6.47248 -2.90504 -0.0171813 -0.00569201 0.0202395 0.00680926 0.999756
1137.pcd 5.8877 -2.8902 -0.0117307 0.0157761 0.0210595 0.00618113 0.999635
1138.pcd 5.33246 -2.83759 -0.00931533 0.0549561 0.0214888 0.00484372 0.998246
1139.pcd 4.72918 -2.75324 -0.00166779 0.0753439 0.0190483 0.00326429 0.99697
1140.pcd 4.20345 -2.69782 0.0058714 0.0452417 0.0170173 0.00222384 0.998829
1141.pcd 3.60184 -2.68935 0.0137408 0.00769449 0.0202529 0.00381095 0.999758
1142.pcd 2.97448 -2.67566 0.00900834 -0.0022211 0.0176387 0.00651854 0.999821
1143.pcd 2.46674 -2.66775 0.00653799 -0.00364349 0.0196979 0.00658186 0.999778
1144.pcd 1.86179 -2.66999 0.00995903 -0.00194471 0.0169091 0.0055504 0.99984
1145.pcd 1.26164 -2.65362 0.00909027 0.0153195 0.0148928 0.00338805 0.999766
1146.pcd 0.716296 -2.61923 0.00739454 0.0276803 0.0172633 0.0027957 0.999464
1147.pcd 0.16927 -2.57333 0.0111721 0.0391137 0.0163178 0.00409414 0.999093
1148.pcd -0.410135 -2.51632 0.0146199 0.0460402 0.0176997 0.00716765 0.998757
1149.pcd -0.982307 -2.46079 0.0112222 0.0524521 0.0152839 0.00749124 0.998478
1150.pcd -1.55305 -2.39135 0.0116873 0.0580869 0.0147125 0.0031227 0.998198
1151.pcd -2.1125 -2.32355 0.01857 0.0628815 0.0178428 -5.97491e-05 0.997861
1152.pcd -2.66942 -2.24865 0.0187789 0.0644192 0.0188113 0.00264686 0.997742
1153.pcd -3.21405 -2.17747 0.0223607 0.068489 0.0173335 0.00516374 0.997488
1154.pcd -3.74948 -2.10379 0.0180373 0.0609801 0.0160305 0.00669324 0.997988
1155.pcd -4.32344 -2.04884 0.0200148 0.0429677 0.0149427 0.00571095 0.998948
1156.pcd -4.86657 -2.00908 0.0199426 0.0362971 0.0172123 0.00570811 0.999176
1157.pcd -5.42672 -1.96701 0.0234543 0.0351801 0.0201639 0.00378296 0.99917
1158.pcd -5.96596 -1.92785 0.0290073 0.0361982 0.0189564 0.00274829 0.999161
1159.pcd -6.52539 -1.88417 0.0323598 0.0368473 0.0191166 0.00358722 0.999132
1160.pcd -7.06181 -1.84044 0.0349069 0.0406192 0.0183188 0.00469051 0.998996
1161.pcd -7.58029 -1.79671 0.0351968 0.0428223 0.0165275 0.00367376 0.998939
1162.pcd -8.17623 -1.74192 0.0395459 0.0472317 0.0198037 0.00185578 0.998686
1163.pcd -8.77135 -1.68717 0.0413914 0.0491638 0.0177891 -0.000203194 0.998632
1164.pcd -9.298 -1.62906 0.04128 0.0531106 0.0166014 0.00152908 0.998449
1165.pcd -9.87422 -1.55736 0.0482451 0.0562538 0.0190473 0.00216358 0.998232
1166.pcd -10.3916 -1.56535 0.0515381 -0.0307354 0.0147398 -0.00212301 0.999417
1167.pcd -10.9113 -1.62008 0.0536543 -0.0550204 0.016916 -0.00406378 0.998334
1168.pcd -11.5042 -1.69355 0.0527556 -0.0650181 0.0192758 5.61855e-05 0.997698
1169.pcd -12.0034 -1.75859 0.0521389 -0.0669103 0.018085 0.00436974 0.997586
1170.pcd -12.5519 -1.83124 0.0569829 -0.0664919 0.0184511 0.00365938 0.99761
1171.pcd -12.8396 -1.91867 0.059244 -0.157333 0.0171155 0.00160478 0.987396
1172.pcd -12.8118 -1.96017 0.0584349 -0.256282 0.0153276 0.00310558 0.966476
1173.pcd -12.7742 -1.99755 0.0603764 -0.357145 0.0166469 0.00197679 0.933898
1174.pcd -12.7331 -2.02923 0.0629063 -0.445722 0.0146411 0.00566174 0.895034
1175.pcd -12.694 -2.04987 0.063721 0.525032 -0.0121536 -0.00395405 -0.850987
1176.pcd -12.6481 -2.05697 0.0637365 0.62728 -0.0124755 -0.00519863 -0.778677
1177.pcd -12.6071 -2.05976 0.0639956 0.702222 -0.012456 -0.0073483 -0.711811
1178.pcd -12.508 -2.60846 0.0603875 0.752355 -0.0124504 -0.00954697 -0.658571
1179.pcd -12.4569 -3.14454 0.0587277 0.744778 -0.00764768 -0.0108745 -0.66718
1180.pcd -12.4114 -3.65429 0.0565125 0.741169 -0.00727789 -0.0115459 -0.67118
1181.pcd -12.4122 -4.1819 0.0519127 0.701952 -0.00784615 -0.01216 -0.712077
1182.pcd -12.4404 -4.69577 0.0468229 0.687491 -0.00603368 -0.010154 -0.726097
1183.pcd -12.5174 -5.07694 0.0485108 0.612843 -0.010178 -0.0114175 -0.790057
1184.pcd -12.5601 -5.06398 0.0480954 0.532359 -0.0123788 -0.0102506 -0.846366
1185.pcd -12.6185 -5.03467 0.0505095 -0.425417 0.0136434 0.0090117 0.90485
1186.pcd -12.6612 -4.9985 0.049824 -0.304444 0.0164232 0.0067023 0.952365
1187.pcd -12.696 -4.94795 0.0491103 -0.18156 0.016417 0.00548967 0.983227
1188.pcd -12.7073 -4.89794 0.0470716 -0.056927 0.0157779 0.0025778 0.99825
1189.pcd -12.7005 -4.85364 0.0488477 0.0468455 0.0165364 0.0031906 0.99876
1190.pcd -13.2 -4.72088 0.0485127 0.104625 0.0170973 0.00204124 0.994363
1191.pcd -13.391 -4.75872 0.0492454 -0.00123891 0.0159755 -0.00202592 0.99987
1192.pcd -13.405 -4.79589 0.0539831 -0.0968565 0.0139718 0.000553539 0.9952
1193.pcd -13.4025 -4.84618 0.0517492 -0.200017 0.0144259 0.00153789 0.979685
1194.pcd -13.5725 -5.01344 0.0524552 -0.286775 0.0164868 0.00274947 0.957852
1195.pcd -14.0215 -5.33317 0.0473457 -0.306802 0.0136187 0.00163864 0.951675
1196.pcd -14.118 -5.33539 0.049364 -0.198615 0.0143707 0.0029294 0.979968
1197.pcd -14.1259 -5.30251 0.049264 -0.108088 0.013133 0.000908194 0.994054
1198.pcd -14.7261 -5.30033 0.0508138 -0.017654 0.0185538 0.000746867 0.999672
1199.pcd -15.2995 -5.28309 0.051535 0.0207175 0.0191122 -0.000208956 0.999603
1200.pcd -15.8192 -5.2357 0.0565986 0.0406784 0.0197433 0.00126187 0.998976
1201.pcd -16.3721 -5.20159 0.067763 0.0173772 0.0274764 -0.00335379 0.999466
1202.pcd -16.8919 -5.20427 0.0747211 -0.00753225 0.0187871 -0.00199666 0.999793
1203.pcd -17.4809 -5.2167 0.0799382 -0.00846983 0.0206639 -0.00203406 0.999749
1204.pcd -18.0414 -5.19869 0.084532 0.0126141 0.0212392 -0.000380706 0.999695
1205.pcd -18.6164 -5.15919 0.0929189 0.0338464 0.0195845 0.00216383 0.999233
1206.pcd -19.1612 -5.10819 0.0980722 0.0492655 0.022176 0.00180572 0.998538
1207.pcd -19.7174 -5.04509 0.106307 0.0578891 0.0232664 0.000723716 0.998052
1208.pcd -20.2159 -4.98854 0.113306 0.0499649 0.0216161 0.000664707 0.998517
1209.pcd -20.7284 -4.96876 0.120908 0.0175024 0.0210768 0.00219445 0.999622
1210.pcd -21.3226 -4.96164 0.12143 0.00319497 0.0192568 0.000842423 0.999809
1211.pcd -21.8468 -4.96097 0.129826 0.00132988 0.0209325 0.000214561 0.99978
1212.pcd -22.3478 -4.94818 0.135425 0.0162118 0.0197782 -0.000104776 0.999673
1213.pcd -22.9391 -4.90835 0.145772 0.0368202 0.0222292 0.000104791 0.999075
1214.pcd -23.5293 -4.85258 0.148274 0.0462489 0.0193384 0.00212079 0.99874
1215.pcd -24.0686 -4.79217 0.155443 0.0567145 0.0221557 0.00339625 0.998139
1216.pcd -24.6549 -4.7164 0.155515 0.0597441 0.0192934 0.00485161 0.998015
1217.pcd -25.1944 -4.66231 0.158906 0.0483855 0.0212 0.00390908 0.998596
1218.pcd -25.7286 -4.61918 0.166332 0.038676 0.0196634 0.00357145 0.999052
1219.pcd -26.2912 -4.57458 0.169316 0.0360499 0.0188085 0.00450086 0.999163
1220.pcd -26.8578 -4.53085 0.177421 0.0368186 0.0217621 0.00429667 0.999076
1221.pcd -27.4541 -4.4847 0.186233 0.0386764 0.0202957 0.0039869 0.999038
1222.pcd -27.9569 -4.43965 0.191374 0.0399936 0.0198397 0.00472201 0.998992
1223.pcd -28.46 -4.39551 0.196922 0.0429433 0.0195381 0.00616967 0.998867
1224.pcd -29.0741 -4.34034 0.200566 0.0451371 0.0196015 0.00511708 0.998775
1225.pcd -29.6826 -4.27861 0.211994 0.0502015 0.0206156 0.00494868 0.998514
1226.pcd -30.2906 -4.22025 0.214383 0.0520861 0.0212563 0.0051544 0.998403
1227.pcd -30.8186 -4.15054 0.221227 0.0561079 0.0223621 0.00529685 0.99816
1228.pcd -31.397 -4.08159 0.225741 0.0598313 0.0208474 0.00498322 0.997978
1229.pcd -31.8991 -4.01962 0.230937 0.0636547 0.0194802 0.00527137 0.997768
1230.pcd -32.4431 -3.96494 0.233475 0.0401515 0.0202107 0.00512449 0.998976
1231.pcd -32.9452 -3.93106 0.237502 0.0260571 0.0199632 0.0052363 0.999447
1232.pcd -33.509 -3.92151 0.248389 0.017027 0.0212973 0.00437886 0.999619
1233.pcd -34.1318 -3.89554 0.252993 0.0163781 0.0186979 0.00318843 0.999686
1234.pcd -34.7059 -3.87999 0.260784 0.017613 0.0223116 0.00524804 0.999582
1235.pcd -35.2588 -3.84741 0.26316 0.0195462 0.0189196 0.00448037 0.99962
1236.pcd -35.7959 -3.82008 0.265268 0.023342 0.0162365 0.00349221 0.99959
1237.pcd -36.3698 -3.78529 0.274044 0.0262852 0.0198528 0.00355896 0.999451
1238.pcd -36.9417 -3.75863 0.273227 0.0307492 0.0173304 0.00301149 0.999372
1239.pcd -37.5434 -3.71225 0.275971 0.0334391 0.0158442 0.00387484 0.999308
1240.pcd -38.0758 -3.66953 0.277928 0.0372098 0.0177606 0.00496143 0.999137
1241.pcd -38.7349 -3.61478 0.276545 0.0399175 0.0171905 0.00307863 0.99905
1242.pcd -39.254 -3.5664 0.28311 0.0426472 0.0171254 0.0029009 0.998939
1243.pcd -39.8877 -3.51007 0.279619 0.0456168 0.0186513 0.00256909 0.998782
1244.pcd -40.4557 -3.4531 0.284782 0.0480865 0.0172163 0.00295848 0.99869
1245.pcd -41.0009 -3.40177 0.286902 0.0433431 0.0192876 0.00364617 0.998867
1246.pcd -41.5625 -3.35953 0.290763 0.0368135 0.0186163 0.00333054 0.999143
1247.pcd -42.1295 -3.31805 0.293515 0.0355395 0.0183617 0.00547171 0.999185
1248.pcd -42.7138 -3.27023 0.291022 0.0367469 0.0171652 0.00651778 0.999156
1249.pcd -43.2964 -3.22578 0.294484 0.0393078 0.0161511 0.00585608 0.999079
1250.pcd -43.8819 -3.17556 0.295377 0.0409993 0.0152073 0.00611697 0.999025
1251.pcd -44.4797 -3.11308 0.280989 0.0452547 0.0028764 0.00904168 0.99893
1252.pcd -45.0756 -3.0651 0.29266 0.0481647 0.0206239 0.00388026 0.998619
1253.pcd -45.6549 -2.99314 0.29488 0.0516444 0.0142876 0.00391053 0.998556
1254.pcd -46.2077 -2.93435 0.30027 0.0553186 0.0178083 0.0036683 0.998303
1255.pcd -46.7349 -2.87408 0.302295 0.0571197 0.0187406 0.00346629 0.998185
1256.pcd -47.319 -2.83897 0.30054 0.0257944 0.0162563 0.0034858 0.999529
1257.pcd -47.8485 -2.82243 0.302703 0.0027094 0.0171261 0.0031976 0.999845
1258.pcd -48.4264 -2.83021 0.299336 -0.00445339 0.0162785 0.00471048 0.999846
1259.pcd -49.041 -2.82087 0.304059 0.0154016 0.0174456 0.00459189 0.999719
1260.pcd -49.6414 -2.76591 0.316244 0.0390398 0.0166782 0.0049258 0.999086
1261.pcd -50.2242 -2.70984 0.310824 0.0510631 0.0175022 0.00444309 0.998532
1262.pcd -50.8303 -2.63101 0.311666 0.0612177 0.0178923 0.00377518 0.997957
1263.pcd -51.4366 -2.55913 0.309652 0.0669338 0.0175379 0.00421305 0.997594
1264.pcd -52.0188 -2.47663 0.313369 0.0551972 0.0162189 0.00460459 0.998333
1265.pcd -52.6085 -2.45266 0.314873 0.0213399 0.0147358 0.00425036 0.999655
1266.pcd -53.224 -2.43345 0.309157 0.00927819 0.0170657 0.0023717 0.999809
1267.pcd -53.8332 -2.43001 0.310379 0.00504484 0.0151898 0.00137215 0.999871
1268.pcd -54.448 -2.41645 0.307933 0.00483387 0.0136651 2.28102e-05 0.999895
1269.pcd -54.9688 -2.40892 0.304465 0.00538064 0.0122757 -0.000728046 0.99991
1270.pcd -55.4826 -2.40342 0.30418 0.00628742 0.0113935 0.000476107 0.999915
1271.pcd -56.0983 -2.38855 0.299871 0.00822583 0.0132069 0.00130983 0.999878
1272.pcd -56.6983 -2.38208 0.297395 0.0131365 0.0121667 0.00224905 0.999837
1273.pcd -57.2008 -2.35658 0.291081 0.019055 0.0128826 0.00271213 0.999732
1274.pcd -57.4922 -2.29484 0.292545 0.117884 0.0130513 -0.00210228 0.992939
1275.pcd -57.4833 -2.26298 0.292259 0.212174 0.0126818 -0.00316942 0.977145
1276.pcd -57.4644 -2.21032 0.295483 0.315372 0.0130252 -0.00554518 0.948863
1277.pcd -57.4473 -2.18442 0.298968 0.405338 0.0133485 -0.00706707 0.914042
1278.pcd -57.4101 -2.15437 0.29745 0.501811 0.0129116 -0.00923752 0.864832
1279.pcd -57.374 -2.13737 0.30047 0.59882 0.0133587 -0.0113057 0.800693
1280.pcd -57.3218 -2.12781 0.298408 0.673226 0.012176 -0.0122318 0.739235
1281.pcd -57.2778 -1.56169 0.300699 0.718443 0.0145248 -0.00974665 0.695366
1282.pcd -57.2589 -1.03115 0.301222 0.720341 0.01456 -0.0117505 0.693368
1283.pcd -57.2171 -0.488691 0.306241 0.726884 0.0164208 -0.0112775 0.686471
1284.pcd -57.1852 0.0143988 0.305459 0.729211 0.0144854 -0.0119644 0.684031
1285.pcd -57.1445 0.596106 0.310094 0.731236 0.0140915 -0.0125121 0.681864
1286.pcd -57.1101 1.11603 0.313761 0.732363 0.0155439 -0.0132696 0.680608
1287.pcd -57.0872 1.6679 0.318003 0.717933 0.0117386 -0.0179996 0.69578
1288.pcd -57.0857 2.20922 0.310451 0.702126 0.0111245 -0.0116809 0.71187
1289.pcd -57.1322 2.74486 0.317392 0.678085 0.0097949 -0.0103515 0.734845
1290.pcd -57.1435 3.28764 0.325242 0.703208 0.0107727 -0.0138811 0.710767
1291.pcd -57.0902 3.80559 0.325146 0.741019 0.0110171 -0.0150377 0.671226
1292.pcd -57.0126 4.37639 0.326126 0.750178 0.0121644 -0.0148488 0.660957
1293.pcd -56.9817 4.91437 0.324538 0.717798 0.00901207 -0.0128891 0.696074
1294.pcd -56.9842 5.48859 0.322121 0.700169 0.0131926 -0.0155972 0.713685
1295.pcd -56.9981 6.05287 0.325028 0.695211 0.0133567 -0.00983614 0.718614
1296.pcd -57.0129 6.56422 0.321797 0.696046 0.0113893 -0.010869 0.717825
1297.pcd -57.0112 7.11828 0.331522 0.707282 0.0111481 -0.0117972 0.706745
1298.pcd -56.992 7.64348 0.342452 0.730947 0.0110477 -0.0132398 0.682216
1299.pcd -56.9224 8.24327 0.33776 0.74761 0.00977515 -0.0108242 0.663978
1300.pcd -56.8424 8.79179 0.327965 0.754487 0.0111438 -0.015027 0.656048
1301.pcd -56.7679 9.40204 0.33039 0.741962 0.00839387 -0.0118534 0.670284
1302.pcd -56.7297 9.94644 0.341601 0.735277 0.00960292 -0.0131003 0.677572
1303.pcd -56.6997 10.5513 0.330134 0.715108 0.00908424 -0.0118898 0.698854
1304.pcd -56.7017 11.1076 0.325599 0.7049 0.0129785 -0.01385 0.709053
1305.pcd -56.7059 11.6436 0.328494 0.700246 0.0104386 -0.0104759 0.713749
1306.pcd -56.7108 12.1712 0.326381 0.699449 0.0107504 -0.00990386 0.714533
1307.pcd -56.6952 12.6988 0.325751 0.719256 0.00861447 -0.0101427 0.694618
1308.pcd -56.6533 13.2091 0.338629 0.747156 0.0184987 -0.0183557 0.664138
1309.pcd -56.5519 13.7924 0.33272 0.759006 0.0095904 -0.00956819 0.650943
1310.pcd -56.4762 14.3022 0.330158 0.75441 0.0130091 -0.012863 0.656149
1311.pcd -56.4916 14.8247 0.334761 0.681167 0.00949684 -0.0108955 0.731985
1312.pcd -56.5893 15.4117 0.331605 0.646824 0.00695757 -0.0101106 0.762541
1313.pcd -56.6783 15.9265 0.330551 0.642607 0.0120733 -0.00840248 0.766055
1314.pcd -56.6768 16.4234 0.33566 0.728556 0.00567961 -0.0102689 0.684885
1315.pcd -56.5822 16.8617 0.328717 0.785426 0.0064204 -0.0125672 0.618794
1316.pcd -56.4588 17.44 0.325255 0.76259 0.0061711 -0.00720706 0.646813
1317.pcd -56.4138 17.9605 0.323631 0.732102 0.00884079 -0.00979226 0.681067
1318.pcd -56.3885 18.5244 0.327973 0.7227 0.01312 -0.00936903 0.690974
1319.pcd -56.3641 19.0712 0.326208 0.719693 0.0143176 -0.00838931 0.694094
1320.pcd -56.3474 19.6259 0.32485 0.720519 0.0131554 -0.00704831 0.693275
1321.pcd -56.3196 20.1971 0.322402 0.72163 0.0144721 -0.0102187 0.692052
1322.pcd -56.2958 20.7342 0.32864 0.722689 0.0132145 -0.00890643 0.690989
1323.pcd -56.2631 21.2917 0.320174 0.725239 0.01017 -0.00719783 0.688385
1324.pcd -56.2284 21.8029 0.315097 0.726523 0.0122663 -0.00629451 0.687004
1325.pcd -56.2101 22.3154 0.320756 0.728462 0.0142009 -0.00821204 0.68489
1326.pcd -56.1619 22.8388 0.318174 0.731066 0.0144499 -0.0079383 0.682108
1327.pcd -56.107 23.4444 0.311527 0.733714 0.0130816 -0.00804503 0.679285
1328.pcd -56.0589 24.0591 0.307997 0.736409 0.0117828 -0.00707877 0.676397
1329.pcd -55.9987 24.6575 0.311465 0.738064 0.0129841 -0.00996838 0.674532
1330.pcd -55.9516 25.1968 0.313342 0.740214 0.0112018 -0.00663525 0.672246
1331.pcd -55.8935 25.7601 0.309726 0.742538 0.0114841 -0.00642007 0.669675
1332.pcd -55.8361 26.2994 0.307024 0.736716 0.0124773 -0.00451405 0.676072
1333.pcd -55.7923 26.8529 0.308265 0.735597 0.0154027 -0.00928213 0.67718
1334.pcd -55.7552 27.3647 0.309554 0.735089 0.0119411 -0.00717313 0.677828
1335.pcd -55.7154 27.8925 0.305909 0.735567 0.00960181 -0.00637453 0.677354
1336.pcd -55.6578 28.4231 0.303506 0.736395 0.0136845 -0.0118888 0.676309
1337.pcd -55.6016 29.0129 0.302265 0.737425 0.0122342 -0.00928397 0.675255
1338.pcd -55.5594 29.5127 0.306415 0.738805 0.0127874 -0.0087607 0.673741
1339.pcd -55.5044 30.1033 0.301991 0.740595 0.0128731 -0.00832949 0.671776
1340.pcd -55.4319 30.6701 0.299009 0.742646 0.0161371 -0.00730938 0.669449
1341.pcd -55.3956 31.2257 0.305194 0.734904 0.0152145 -0.00736623 0.677961
1342.pcd -55.3461 31.8187 0.297508 0.729826 0.0125775 -0.0042825 0.683504
1343.pcd -55.3061 32.5554 0.303349 0.729592 0.0156977 -0.00729139 0.683664
1344.pcd -55.2578 33.1532 0.303567 0.730884 0.0148024 -0.00790049 0.682295
1345.pcd -55.2156 33.7088 0.304639 0.732847 0.0142355 -0.0071893 0.680207
1346.pcd -55.1701 34.312 0.298968 0.734069 0.0112992 -0.00443645 0.678966
1347.pcd -55.1178 34.888 0.301184 0.735669 0.0155977 -0.00592345 0.677135
1348.pcd -55.0678 35.5046 0.302681 0.737867 0.0165138 -0.00626858 0.674715
1349.pcd -55.0087 36.1091 0.303648 0.739326 0.0155353 -0.0081589 0.673119
1350.pcd -54.9776 36.6767 0.305076 0.724489 0.0159908 -0.00691629 0.689066
1351.pcd -54.9816 37.2204 0.309281 0.701732 0.0161125 -0.00992012 0.712189
1352.pcd -54.9992 37.7547 0.308289 0.693904 0.0133356 -0.00703267 0.71991
1353.pcd -55.0071 38.2746 0.307543 0.691452 0.0161627 -0.0089321 0.722186
1354.pcd -55.0342 38.8081 0.308597 0.691265 0.0145116 -0.00967859 0.722391
1355.pcd -55.0492 39.3692 0.31482 0.700062 0.0166868 -0.00897551 0.71383
1356.pcd -55.0177 39.9199 0.314442 0.734746 0.0148786 -0.0101262 0.678104
1357.pcd -54.9553 40.421 0.318435 0.749117 0.0153312 -0.0114402 0.662162
1358.pcd -54.8866 41.0043 0.322943 0.746466 0.0144376 -0.0143659 0.665111
1359.pcd -54.8135 41.6203 0.32088 0.742414 0.0148497 -0.00923843 0.669713
1360.pcd -54.7591 42.2199 0.323172 0.734231 0.0122762 -0.00647848 0.678758
1361.pcd -54.7259 42.7803 0.314093 0.722641 0.0167015 -0.00652541 0.690991
1362.pcd -54.7078 43.3873 0.326186 0.717961 0.0175143 -0.00731575 0.695824
1363.pcd -54.6871 43.8876 0.323136 0.716653 0.0169922 -0.00533299 0.697203
1364.pcd -54.6724 44.4157 0.320682 0.717048 0.0163782 -0.00518696 0.696812
1365.pcd -54.6585 44.9225 0.322418 0.718188 0.017824 -0.00647812 0.69559
1366.pcd -54.6346 45.5084 0.32753 0.720423 0.0167586 -0.00489066 0.693315
1367.pcd -54.5803 46.1231 0.323709 0.74588 0.015911 -0.00934103 0.665825
1368.pcd -54.4571 46.6964 0.329415 0.77749 0.0139503 -0.0110101 0.628644
1369.pcd -54.3516 47.1897 0.324714 0.770446 0.0149437 -0.00638565 0.637299
1370.pcd -54.2709 47.7697 0.324305 0.751475 0.0160696 -0.00581276 0.65954
1371.pcd -54.2378 48.3606 0.323065 0.721078 0.0139784 -0.00554056 0.692691
1372.pcd -54.2299 48.9457 0.323146 0.709718 0.0174348 -0.00518075 0.704251
1373.pcd -54.231 49.5565 0.324021 0.707993 0.0170424 -0.00697582 0.705979
1374.pcd -54.2169 50.0574 0.327856 0.711063 0.0146823 -0.00296946 0.702969
1375.pcd -54.2043 50.6452 0.325384 0.715453 0.0170767 -0.0041399 0.69844
1376.pcd -54.174 51.2562 0.323395 0.723521 0.0204044 -0.00694117 0.689966
1377.pcd -54.1278 51.7972 0.329018 0.738405 0.0186188 -0.0070043 0.674064
1378.pcd -54.0288 52.2906 0.331304 0.777515 0.0155766 -0.00972527 0.628597
1379.pcd -53.839 52.7744 0.34274 0.829153 0.0130351 -0.00951799 0.558789
1380.pcd -53.6215 53.2253 0.333266 0.846353 0.00999901 -0.00768897 0.532473
1381.pcd -53.3454 53.7437 0.326747 0.854516 0.0102837 -0.00599792 0.519288
1382.pcd -53.0562 54.2689 0.324206 0.859654 0.0129474 -0.0104429 0.510605
1383.pcd -52.808 54.7077 0.324498 0.862068 0.0152732 -0.00958737 0.506471
1384.pcd -52.5459 55.2256 0.326025 0.849662 0.0132052 -0.00923793 0.527082
1385.pcd -52.3119 55.7722 0.322568 0.828903 0.013199 -0.00700632 0.559193
1386.pcd -52.1271 56.2593 0.316494 0.824606 0.0119834 -0.00428381 0.565564
1387.pcd -51.9348 56.756 0.312407 0.826057 0.0144568 -0.00640084 0.563365
1388.pcd -51.6693 57.2261 0.314789 0.875033 0.0125133 -0.00627397 0.483861
1389.pcd -51.3041 57.6428 0.307341 0.910666 0.00849213 -0.00508409 0.413024
1390.pcd -50.8976 58.0636 0.30224 0.919743 0.0103463 -0.00544772 0.392347
1391.pcd -50.5356 58.43 0.293191 0.924281 0.011666 -0.00861784 0.381436
1392.pcd -50.1393 58.8103 0.292539 0.927341 0.0112486 -0.00869781 0.373948
1393.pcd -49.6893 59.2303 0.292352 0.929393 0.00953148 -0.00909559 0.368857
1394.pcd -49.26 59.6223 0.28892 0.930963 0.0099473 -0.011624 0.364792
1395.pcd -48.8204 60.0213 0.288459 0.932323 0.0107715 -0.0102424 0.36132
1396.pcd -48.4355 60.3662 0.279628 0.933404 0.00934451 -0.008435 0.358606
1397.pcd -48.0565 60.7031 0.281148 0.934187 0.0112971 -0.00860818 0.3565
1398.pcd -47.5803 61.1237 0.280058 0.934274 0.0114993 -0.0114725 0.356187
1399.pcd -47.1403 61.53 0.284708 0.930151 0.00842674 -0.0121619 0.366878
1400.pcd -46.7783 61.8844 0.281222 0.922777 0.00956513 -0.0106973 0.385068
1401.pcd -46.5318 62.2294 0.268466 0.875383 0.0126172 -0.00644932 0.483222
1402.pcd -46.3171 62.6876 0.276234 0.848029 0.0160987 -0.00807903 0.529644
1403.pcd -45.9997 63.1703 0.277433 0.896111 0.0138802 -0.00933558 0.443514
1404.pcd -45.7714 63.3611 0.282713 0.936355 0.0110815 -0.0117878 0.350681
1405.pcd -45.5019 63.5054 0.281529 0.966057 0.0082614 -0.00961548 0.25802
1406.pcd -45.2118 63.5863 0.274464 0.988432 0.00641872 -0.0114522 0.151095
1407.pcd -44.8186 63.6293 0.271859 0.998095 0.0073296 -0.0129924 0.0598681
1408.pcd -44.2382 63.6648 0.265462 0.999462 0.00568289 -0.0118653 0.0300568
1409.pcd -43.7342 63.6728 0.268792 0.999812 0.00452097 -0.0135975 0.0130264
1410.pcd -43.1616 63.694 0.264421 0.999579 0.00432958 -0.0104397 0.0267241
1411.pcd -42.5768 63.7853 0.260528 0.995122 0.00420203 -0.0102147 0.0980274
1412.pcd -42.0097 63.9248 0.257251 0.99237 0.00504692 -0.0112994 0.122675
1413.pcd -41.4244 64.086 0.260411 0.990911 0.00439723 -0.017207 0.133344
1414.pcd -40.9185 64.2137 0.262305 0.992295 0.0074764 -0.014871 0.122777
1415.pcd -40.3639 64.3205 0.258571 0.995504 0.00770322 -0.0141483 0.093337
1416.pcd -39.7528 64.4123 0.256622 0.99696 0.00869578 -0.0141071 0.0761313
1417.pcd -39.2487 64.4505 0.257308 0.999312 0.00575724 -0.0148666 0.033491
1418.pcd -38.6288 64.4629 0.25139 0.999872 0.00546071 -0.0132617 0.00705353
1419.pcd -38.1143 64.4474 0.251832 0.999755 0.00432603 -0.0137164 -0.0168236
1420.pcd -37.4996 64.4027 0.253619 0.99921 0.00382897 -0.0151654 -0.0365428
1421.pcd -36.9905 64.3565 0.250627 0.998822 0.00450953 -0.015099 -0.0458977
1422.pcd -36.3862 64.291 0.245526 0.998455 0.00417308 -0.0153711 -0.0532346
1423.pcd -35.8128 64.2198 0.246022 0.998246 0.0044087 -0.0134579 -0.0574805
1424.pcd -35.3109 64.162 0.244447 0.998061 0.00531958 -0.0129923 -0.0606431
1425.pcd -34.6903 64.08 0.243403 0.997911 0.00651644 -0.0153691 -0.0624123
1426.pcd -34.1884 64.0152 0.241609 0.997799 0.00787343 -0.0149983 -0.0641046
1427.pcd -33.5849 63.9315 0.238265 0.997548 0.00873447 -0.0157947 -0.0676144
1428.pcd -33.0592 63.8561 0.237044 0.997472 0.00810048 -0.0141913 -0.0691519
1429.pcd -32.5048 63.776 0.238382 0.997294 0.00861419 -0.0132404 -0.0717956
1430.pcd -31.9764 63.6909 0.229905 0.997049 0.00707193 -0.0154274 -0.0748618
1431.pcd -31.424 63.6012 0.226617 0.996766 0.00724422 -0.016161 -0.0783842
1432.pcd -30.9308 63.5186 0.226361 0.996792 0.00762052 -0.0130282 -0.078596
1433.pcd -30.9397 63.4629 0.232312 0.980732 0.00532856 -0.0161102 -0.194619
1434.pcd -30.9552 63.4156 0.243747 0.95018 0.00353094 -0.0158648 -0.311278
1435.pcd -30.9912 63.379 0.23309 0.911901 0.000375156 -0.0149943 -0.410137
1436.pcd -31.0262 63.3432 0.235552 0.860122 -0.000617321 -0.0142322 -0.509889
1437.pcd -31.0722 63.3235 0.229724 0.790411 -0.00492688 -0.0120057 -0.612439
1438.pcd -31.1077 63.3244 0.239099 0.73311 -0.0058243 -0.0119565 -0.67998
1439.pcd -31.141 63.3037 0.234431 0.668003 -0.00809597 -0.0118827 -0.74402
1440.pcd -31.105 63.1335 0.227254 0.731574 -0.00988388 -0.00772354 -0.681647
1441.pcd -31.0339 62.5665 0.231145 0.734316 -0.00537379 -0.00955086 -0.678719
1442.pcd -31.077 62.1664 0.230079 0.667135 -0.00847867 -0.0122377 -0.744788
1443.pcd -31.2049 61.6253 0.219391 0.626912 -0.00534527 -0.00714831 -0.779039
1444.pcd -31.3448 61.1088 0.219929 0.615475 -0.00757113 -0.0109213 -0.788045
1445.pcd -31.4763 60.5727 0.214847 0.613444 -0.00952958 -0.0114591 -0.789598
1446.pcd -31.6014 60.0783 0.213344 0.613861 -0.00798997 -0.0103563 -0.789306
1447.pcd -31.6849 59.5353 0.21218 0.671495 -0.00751823 -0.00927541 -0.740913
1448.pcd -31.7187 58.9592 0.210604 0.689181 -0.00935228 -0.0109317 -0.724447
1449.pcd -31.7742 58.5464 0.212116 0.622026 -0.0101857 -0.0116784 -0.782843
1450.pcd -31.8126 58.5523 0.212306 0.535496 -0.0116313 -0.011142 -0.844384
1451.pcd -32.0546 58.0997 0.205773 0.523409 -0.0109104 -0.0124122 -0.851922
1452.pcd -32.3112 57.6166 0.204171 0.520112 -0.0133194 -0.0112051 -0.853921
1453.pcd -32.6211 57.16 0.202487 -0.434843 0.0132253 0.00817638 0.900372
1454.pcd -32.7811 57.0396 0.208793 -0.339656 0.0142246 0.00756161 0.940412
1455.pcd -32.9278 56.9901 0.209486 -0.240563 0.016509 0.00749766 0.970464
1456.pcd -33.0229 56.9908 0.208292 -0.151299 0.0173699 0.00694898 0.988311
1457.pcd -33.1658 57.015 0.208679 -0.0635796 0.0187345 0.00642312 0.99778
1458.pcd -33.6931 56.9856 0.20999 -0.0135292 0.0165339 0.00404842 0.999764
1459.pcd -33.8248 57.0291 0.213296 0.0876362 0.0170263 0.00393862 0.995999
1460.pcd -34.3933 57.174 0.210953 0.111943 0.0157081 0.00210007 0.993588
1461.pcd -34.9417 57.2418 0.209205 0.0585899 0.0150165 0.000846233 0.998169
1462.pcd -35.4945 57.3566 0.217742 0.113931 0.0179966 0.00057327 0.993325
1463.pcd -35.9949 57.5182 0.216554 0.147703 0.0166678 0.00233434 0.988889
1464.pcd -36.5271 57.6615 0.216072 0.128377 0.0179513 0.00139325 0.991562
1465.pcd -37.0815 57.7449 0.216736 0.0675543 0.0156532 -0.000664156 0.997593
1466.pcd -37.6693 57.8038 0.226613 0.0487358 0.0182469 0.00181667 0.998643
1467.pcd -38.1736 57.8491 0.228801 0.0424831 0.0178632 0.00192044 0.998936
1468.pcd -38.678 57.8896 0.233971 0.0408221 0.0191244 0.00343237 0.998977
1469.pcd -39.2275 57.9298 0.245071 0.0404215 0.0189407 0.00460473 0.998993
1470.pcd -39.7404 57.9714 0.24349 0.0426839 0.0192383 0.00416089 0.998895
1471.pcd -40.1873 57.9414 0.244873 -0.0653877 0.0155543 0.00175437 0.997737
1472.pcd -40.1677 57.8907 0.246579 -0.17873 0.0145977 0.00166855 0.983789
1473.pcd -40.1428 57.8461 0.245007 -0.285999 0.0140134 0.00277109 0.958123
1474.pcd -40.1086 57.817 0.243835 -0.383887 0.014024 0.00461837 0.923262
1475.pcd -40.0733 57.7837 0.246039 -0.476571 0.0128026 0.00551751 0.879025
1476.pcd -40.0381 57.7766 0.251187 0.560426 -0.0112283 -0.00608494 -0.828106
1477.pcd -39.9916 57.7635 0.252905 0.642489 -0.00956234 -0.00573208 -0.766214
1478.pcd -40.0494 57.1135 0.25823 0.674405 -0.0137001 -0.00743355 -0.738197
1479.pcd -40.1113 56.5016 0.24326 0.678204 -0.0127951 -0.00789648 -0.734719
1480.pcd -40.165 55.922 0.238655 0.678291 -0.0140944 -0.0106003 -0.734582
1481.pcd -40.2015 55.3835 0.234317 0.677113 -0.0128993 -0.013161 -0.735649
1482.pcd -40.26 54.7805 0.234339 0.674685 -0.0111106 -0.0108292 -0.737943
1483.pcd -40.3075 54.2809 0.232691 0.671972 -0.012918 -0.0130287 -0.740349
1484.pcd -40.3611 53.7558 0.232284 0.66944 -0.0124649 -0.0114759 -0.742673
1485.pcd -40.435 53.2209 0.231726 0.666941 -0.0120286 -0.0108548 -0.744934
1486.pcd -40.4921 52.6904 0.229853 0.665867 -0.0112533 -0.010551 -0.745911
1487.pcd -40.5694 52.0942 0.229076 0.662383 -0.0116602 -0.0109797 -0.748994
1488.pcd -40.6481 51.4989 0.230012 0.659679 -0.0119384 -0.0106624 -0.751377
1489.pcd -40.7294 50.9142 0.226112 0.657167 -0.00966332 -0.010681 -0.753607
1490.pcd -40.8137 50.3478 0.232893 0.654885 -0.0115531 -0.0118983 -0.755547
1491.pcd -40.8991 49.824 0.235665 0.652181 -0.0108627 -0.0116255 -0.757897
1492.pcd -40.997 49.3848 0.247818 0.578982 -0.0143726 -0.0109573 -0.81514
1493.pcd -41.043 49.4056 0.244903 -0.484589 0.0149979 0.00947215 0.874562
1494.pcd -41.0703 49.4315 0.244594 -0.399047 0.0159004 0.00835008 0.916755
1495.pcd -41.0872 49.4547 0.247009 -0.313756 0.0160543 0.0070667 0.949342
1496.pcd -41.1123 49.4857 0.245045 -0.210124 0.0181179 0.0067307 0.977484
1497.pcd -41.1244 49.5272 0.244038 -0.116374 0.0189067 0.0062496 0.993006
1498.pcd -41.1935 49.5636 0.244752 -0.0163059 0.0197506 0.0071367 0.999646
1499.pcd -41.7718 49.5839 0.250246 0.0128111 0.0169247 0.00532845 0.99976
1500.pcd -42.3073 49.6008 0.257421 0.0249207 0.0175266 0.00652621 0.999514
1501.pcd -42.8616 49.639 0.254335 0.0303255 0.0190183 0.00605492 0.999341
1502.pcd -43.3757 49.6769 0.266446 0.0362719 0.0191081 0.00619344 0.99914
1503.pcd -43.9326 49.7267 0.267695 0.0406125 0.0198322 0.0070863 0.998953
1504.pcd -44.4605 49.7642 0.274854 0.0428972 0.0186184 0.00549059 0.998891
1505.pcd -44.9921 49.8158 0.277035 0.0494745 0.0184021 0.00491354 0.998594
1506.pcd -45.339 49.9216 0.28279 0.143364 0.0193016 0.000271976 0.989482
1507.pcd -45.4247 49.9901 0.285101 0.232841 0.0188551 -0.000321932 0.972332
1508.pcd -45.4111 50.0353 0.289184 0.336812 0.018454 -0.00164528 0.94139
1509.pcd -45.3728 50.0923 0.285294 0.427133 0.018381 -0.00257667 0.903998
1510.pcd -45.3396 50.1254 0.285145 0.516032 0.018328 -0.00333813 0.856367
1511.pcd -45.2914 50.1545 0.282055 0.606756 0.0171332 -0.0053907 0.794685
1512.pcd -45.2473 50.1838 0.283146 0.68716 0.0181409 -0.00665293 0.726249
1513.pcd -45.1444 50.7094 0.275593 0.747 0.015964 -0.00313604 0.664625
1514.pcd -45.1105 51.21 0.276858 0.719626 0.0135134 -0.00411186 0.694218
1515.pcd -45.1271 51.7543 0.274887 0.695336 0.0154298 -0.00471232 0.718504
1516.pcd -45.1565 52.3161 0.27147 0.688417 0.0139865 -0.00231033 0.725177
1517.pcd -45.1925 52.8935 0.270437 0.685637 0.0155847 -0.00326291 0.72777
1518.pcd -45.2188 53.4247 0.263963 0.682958 0.0141821 -0.00209089 0.730317
1519.pcd -45.3002 53.498 0.26001 0.586218 0.0130784 -0.00230466 0.810044
1520.pcd -45.3194 53.4556 0.265991 0.506111 0.0143547 -0.000406045 0.862349
1521.pcd -45.3576 53.425 0.268981 0.415025 0.0154592 0.00100145 0.909678
1522.pcd -45.3827 53.382 0.269425 0.314504 0.0156816 0.00221053 0.949124
1523.pcd -45.4028 53.331 0.261233 0.210301 0.0145419 0.00420783 0.97752
1524.pcd -45.4111 53.2806 0.271412 0.106453 0.0154652 0.00428015 0.994188
1525.pcd -45.9494 53.3095 0.273691 0.0410533 0.0165742 0.00325915 0.999014
1526.pcd -46.509 53.3682 0.277506 0.0333316 0.0179498 0.00630135 0.999263
1527.pcd -47.0859 53.4138 0.279473 0.0317128 0.0202226 0.00861384 0.999255
1528.pcd -47.6486 53.4546 0.290037 0.0338997 0.0214984 0.00625894 0.999174
1529.pcd -48.2182 53.4988 0.296853 0.0372555 0.0222572 0.00377945 0.999051
1530.pcd -48.8009 53.5522 0.302259 0.0406097 0.0211456 0.00540092 0.998937
1531.pcd -49.3569 53.5983 0.308756 0.0421623 0.0201266 0.00797585 0.998876
1532.pcd -49.8712 53.6456 0.306749 0.0445214 0.0211857 0.00614191 0.998765
1533.pcd -50.429 53.7026 0.319959 0.0479046 0.0196529 0.00703222 0.998634
1534.pcd -50.6251 53.6572 0.311949 -0.0668894 0.0169327 0.00572224 0.9976
1535.pcd -50.6081 53.6219 0.314479 -0.161435 0.0171766 0.00666737 0.986711
1536.pcd -50.5818 53.5965 0.315221 -0.257903 0.0170837 0.00645299 0.965998
1537.pcd -50.5538 53.5648 0.31461 -0.354422 0.015974 0.00681296 0.934924
1538.pcd -50.5165 53.5298 0.312689 -0.451539 0.0154834 0.00729596 0.892087
1539.pcd -50.4742 53.5171 0.307262 0.53698 -0.0157034 -0.00887948 -0.843402
1540.pcd -50.4316 53.4977 0.315181 0.612097 -0.0144322 -0.00893906 -0.790601
1541.pcd -50.5192 52.9731 0.323855 0.642217 -0.0155371 -0.0128606 -0.766257
1542.pcd -50.6173 52.4019 0.320896 0.641874 -0.0133223 -0.0107781 -0.766619
1543.pcd -50.6961 51.8748 0.31958 0.657497 -0.0127693 -0.0106944 -0.753273
1544.pcd -50.7378 51.3235 0.317232 0.690081 -0.00875702 -0.0109765 -0.723596
1545.pcd -50.7384 50.743 0.313054 0.707628 -0.00722095 -0.0130126 -0.706429
1546.pcd -50.7503 50.2356 0.323763 0.706439 -0.00746847 -0.0167471 -0.707536
1547.pcd -50.7484 49.7198 0.31625 0.70508 -0.00448132 -0.0166385 -0.708919
1548.pcd -50.8049 49.1168 0.317267 0.664446 -0.0074954 -0.0142116 -0.747163
1549.pcd -50.8862 48.619 0.31506 0.646026 -0.00646106 -0.0132849 -0.763173
1550.pcd -50.9763 48.0756 0.31838 0.657171 -0.0105906 -0.013602 -0.753545
1551.pcd -51.028 47.5725 0.320955 0.674724 -0.00995869 -0.0137947 -0.737874
1552.pcd -51.0521 47.0538 0.315022 0.691759 -0.0078322 -0.0135439 -0.721959
1553.pcd -51.0729 46.4742 0.319171 0.700946 -0.00823077 -0.012216 -0.713062
1554.pcd -51.0791 45.9665 0.316242 0.70111 -0.00715623 -0.0131677 -0.712896
1555.pcd -51.1052 45.4523 0.314628 0.68631 -0.00866001 -0.014424 -0.727115
1556.pcd -51.1617 44.8558 0.318642 0.675131 -0.00740034 -0.0133702 -0.737539
1557.pcd -51.2166 44.3552 0.322702 0.668995 -0.0108545 -0.0171732 -0.742989
1558.pcd -51.2843 43.8515 0.32302 0.662597 -0.00924099 -0.0142581 -0.748783
1559.pcd -51.3549 43.3296 0.320492 0.658298 -0.00927274 -0.0136855 -0.752576
1560.pcd -51.4281 42.8194 0.316133 0.655352 -0.013182 -0.0156582 -0.755047
1561.pcd -51.5086 42.2996 0.317091 0.654041 -0.00931382 -0.0129349 -0.756292
1562.pcd -51.5582 41.7187 0.309189 0.681788 -0.0103954 -0.0116462 -0.731383
1563.pcd -51.581 41.089 0.318677 0.696181 -0.00936489 -0.0139945 -0.717669
1564.pcd -51.5967 40.5041 0.315321 0.700122 -0.00758238 -0.0119613 -0.713882
1565.pcd -51.6256 39.9399 0.309154 0.700922 -0.00440914 -0.0120565 -0.713122
1566.pcd -51.6625 39.351 0.30697 0.6777 -0.00811823 -0.0124142 -0.735189
1567.pcd -51.7156 38.8137 0.307423 0.66544 -0.00851024 -0.012467 -0.746299
1568.pcd -51.7912 38.218 0.306537 0.663507 -0.00799358 -0.013023 -0.748014
1569.pcd -51.851 37.7172 0.304869 0.663438 -0.00816452 -0.0134799 -0.748065
1570.pcd -51.9181 37.2145 0.300012 0.662266 -0.0071729 -0.0125581 -0.749129
1571.pcd -52.0031 36.599 0.301039 0.668487 -0.00930762 -0.0130195 -0.743551
1572.pcd -52.0447 36.0857 0.302516 0.67925 -0.0092839 -0.0122189 -0.733747
1573.pcd -52.0859 35.4606 0.298702 0.686626 -0.00613756 -0.0113689 -0.726896
1574.pcd -52.1168 34.9434 0.293574 0.688128 -0.00770047 -0.0146412 -0.725401
1575.pcd -52.1467 34.3278 0.293213 0.687411 -0.00709278 -0.0109771 -0.726151
1576.pcd -52.1796 33.7698 0.29111 0.686058 -0.00987744 -0.0164675 -0.727294
1577.pcd -52.2146 33.2565 0.294516 0.684068 -0.0100499 -0.0157306 -0.72918
1578.pcd -52.2564 32.6687 0.295801 0.682552 -0.00818082 -0.0123586 -0.730687
1579.pcd -52.3062 32.0951 0.294202 0.68077 -0.0100095 -0.012156 -0.732328
1580.pcd -52.339 31.5848 0.29682 0.679448 -0.0120446 -0.0146708 -0.733478
1581.pcd -52.3941 31.0631 0.297387 0.677068 -0.0113731 -0.0147224 -0.735685
1582.pcd -52.4351 30.5488 0.299528 0.67541 -0.0110701 -0.0146838 -0.737213
1583.pcd -52.4823 30.0339 0.30286 0.673213 -0.00970224 -0.0139996 -0.739253
1584.pcd -52.5452 29.5029 0.29878 0.671317 -0.0101951 -0.0132775 -0.740981
1585.pcd -52.597 28.9955 0.30124 0.66863 -0.0112062 -0.0147015 -0.743365
1586.pcd -52.6593 28.475 0.303406 0.667148 -0.0105759 -0.01358 -0.744727
1587.pcd -52.7154 27.9578 0.305408 0.664985 -0.0102332 -0.0140019 -0.746655
1588.pcd -52.7839 27.4029 0.306541 0.663566 -0.00998454 -0.0147293 -0.747906
1589.pcd -52.8429 26.8928 0.303041 0.665039 -0.0103489 -0.0141338 -0.746603
1590.pcd -52.9088 26.2806 0.307053 0.676613 -0.0100499 -0.0153287 -0.73611
1591.pcd -52.9429 25.7616 0.307657 0.680378 -0.0103628 -0.0153445 -0.732628
1592.pcd -52.9723 25.1398 0.311073 0.701638 -0.00776047 -0.0155014 -0.712323
1593.pcd -52.9638 24.5351 0.313751 0.715517 -0.00994781 -0.0158977 -0.698344
1594.pcd -52.9564 23.9156 0.31865 0.710414 -0.00940798 -0.0147011 -0.703567
1595.pcd -52.9882 23.4136 0.320927 0.690329 -0.00708694 -0.012996 -0.723344
1596.pcd -53.0288 22.8258 0.31991 0.67761 -0.00986352 -0.0162273 -0.735176
1597.pcd -53.0946 22.2234 0.320771 0.666295 -0.00889278 -0.0142274 -0.7455
1598.pcd -53.1691 21.6256 0.318608 0.662202 -0.00823327 -0.0141584 -0.749146
1599.pcd -53.2414 21.0854 0.329712 0.658552 -0.0108219 -0.0174865 -0.752254
1600.pcd -53.3412 20.4731 0.324372 0.656473 -0.00722029 -0.014018 -0.754184
1601.pcd -53.3975 19.8925 0.326245 0.67849 -0.0112243 -0.0155968 -0.734358
1602.pcd -53.4273 19.2645 0.328225 0.689466 -0.0102354 -0.0170651 -0.724045
1603.pcd -53.4581 18.7118 0.333098 0.692344 -0.00745769 -0.0162121 -0.721347
1604.pcd -53.4747 18.1852 0.335901 0.692409 -0.00896959 -0.0186034 -0.721209
1605.pcd -53.4969 17.6442 0.333389 0.691415 -0.00696964 -0.0138017 -0.722292
1606.pcd -53.5322 17.1204 0.331381 0.690076 -0.00565796 -0.015511 -0.723549
1607.pcd -53.5483 16.5702 0.334046 0.688613 -0.0107905 -0.0209765 -0.724745
1608.pcd -53.5956 16.0194 0.341155 0.685791 -0.00850958 -0.0168846 -0.727553
1609.pcd -53.6242 15.4652 0.341317 0.684594 -0.0122987 -0.0176528 -0.728607
1610.pcd -53.6808 14.9078 0.34267 0.683101 -0.00461233 -0.0161129 -0.730132
1611.pcd -53.7136 14.378 0.343054 0.681641 -0.00580549 -0.0167105 -0.731473
1612.pcd -53.7588 13.8796 0.343584 0.679316 -0.00615378 -0.0202261 -0.733542
1613.pcd -53.7959 13.3769 0.346392 0.680055 -0.00806593 -0.0225928 -0.732769
1614.pcd -53.8123 12.7609 0.352105 0.713623 -0.00384509 -0.0201095 -0.700231
1615.pcd -53.727 12.1564 0.353057 0.76365 -0.00342641 -0.0163292 -0.645415
1616.pcd -53.5699 11.5512 0.357596 0.799115 -0.00362395 -0.0153743 -0.60097
1617.pcd -53.3591 10.9664 0.357473 0.831026 -0.00305076 -0.0147144 -0.556031
1618.pcd -53.1441 10.5083 0.359742 0.839288 -0.00245594 -0.0151057 -0.543472
1619.pcd -52.94 10.0473 0.353312 0.843189 -0.00419875 -0.0175909 -0.537313
1620.pcd -52.6682 9.48987 0.355209 0.843888 -0.00384679 -0.0111996 -0.536389
1621.pcd -52.4601 9.01919 0.357819 0.844408 -0.00579541 -0.0153675 -0.535449
1622.pcd -52.2287 8.54055 0.355641 0.84363 -0.00716003 -0.0143712 -0.536685
1623.pcd -52.0149 8.07055 0.352358 0.843565 -0.00116294 -0.00948888 -0.536942
1624.pcd -51.7965 7.60584 0.350332 0.842807 -0.00280315 -0.014387 -0.538016
1625.pcd -51.549 7.11351 0.349849 0.857202 -0.00168707 -0.0124773 -0.514827
1626.pcd -51.2653 6.72919 0.348069 0.900945 -0.00108766 -0.0115092 -0.433779
1627.pcd -50.846 6.32132 0.340805 0.929917 -0.000851854 -0.0103616 -0.367622
1628.pcd -50.3955 5.9333 0.341489 0.935588 -0.00226344 -0.0122571 -0.352873
1629.pcd -50.1477 5.77842 0.336622 0.963075 -0.00192439 -0.0100659 -0.269037
1630.pcd -50.1284 5.82861 0.338099 0.985528 -0.0011219 -0.0109833 -0.169155
1631.pcd -50.1149 5.87479 0.332398 0.996938 -0.00106798 -0.0112662 -0.077371
1632.pcd -50.1045 5.9267 0.336148 0.999808 -0.00034534 -0.00952366 0.0170926
1633.pcd -50.1161 5.96211 0.332153 0.992831 0.00155576 -0.00930882 0.119156
1634.pcd -50.1241 6.00445 0.333285 0.975068 0.0040588 -0.0102441 0.221632
1635.pcd -49.6329 6.28579 0.334515 0.968787 0.00871482 -0.0113819 0.247479
1636.pcd -49.3444 6.3919 0.334161 0.988298 0.00615959 -0.00893416 0.152146
1637.pcd -49.3048 6.34965 0.334044 0.999385 0.00473335 -0.0108051 0.0330076
1638.pcd -49.2952 6.29566 0.33519 0.996597 0.00316254 -0.0115695 -0.081549
1639.pcd -48.7856 6.16893 0.332307 0.996112 0.00406396 -0.00961023 -0.0874745
1640.pcd -48.2585 6.18672 0.325709 0.999927 0.001353 -0.0119148 -0.0013974
1641.pcd -47.7124 6.1915 0.321966 0.999896 0.00431384 -0.0137501 0.000255276
1642.pcd -47.3279 6.11322 0.322316 0.99515 0.0024992 -0.0125277 -0.0975384
1643.pcd -46.7859 5.94735 0.314577 0.989291 0.00155951 -0.0113551 -0.145506
1644.pcd -46.3177 5.86049 0.310333 0.999064 0.00243491 -0.00855927 -0.0423279
1645.pcd -45.7225 5.87496 0.309614 0.999868 0.000459646 -0.0108737 0.0120603
1646.pcd -45.2115 5.84877 0.306002 0.999219 0.000621387 -0.0113169 -0.0378413
1647.pcd -44.6373 5.76212 0.304492 0.996974 0.0047268 -0.0158626 -0.0759488
1648.pcd -44.0946 5.6859 0.301051 0.996911 0.00354083 -0.0133654 -0.0773133
1649.pcd -43.5392 5.60273 0.297345 0.998201 0.00868881 -0.0148097 -0.0574415
1650.pcd -43.0078 5.569 0.291823 0.99995 0.00619249 -0.00741382 -0.00252859
1651.pcd -42.4234 5.60949 0.295409 0.999674 0.00253678 -0.021283 0.0138866
1652.pcd -41.9147 5.59709 0.302234 0.999794 0.00181809 -0.0160715 -0.0122507
1653.pcd -41.3494 5.53537 0.296406 0.998978 0.00310146 -0.0146225 -0.0426464
1654.pcd -40.792 5.46773 0.297678 0.998359 0.00459097 -0.0166052 -0.0546051
1655.pcd -40.263 5.40746 0.298356 0.998377 0.00486128 -0.0160924 -0.0544125
1656.pcd -39.7184 5.35359 0.295238 0.998368 0.00528865 -0.0165819 -0.0543898
1657.pcd -39.2101 5.28395 0.29515 0.998327 0.00481213 -0.0138887 -0.055925
1658.pcd -38.6442 5.2393 0.294042 0.999243 0.00448664 -0.0159128 -0.0352077
1659.pcd -38.0398 5.2076 0.288027 0.999649 0.00627224 -0.016249 -0.0199575
1660.pcd -37.518 5.19263 0.289384 0.99971 0.00624896 -0.0155121 -0.0173248
1661.pcd -37.0073 5.1715 0.287 0.999704 0.00744135 -0.0144015 -0.0181622
1662.pcd -36.4148 5.14237 0.286063 0.999669 0.00675584 -0.0152052 -0.0196288
1663.pcd -35.9037 5.12148 0.286905 0.999608 0.00673848 -0.0159655 -0.0219953
1664.pcd -35.3736 5.09187 0.290179 0.99957 0.00785234 -0.0153902 -0.0236829
1665.pcd -34.8584 5.05785 0.291861 0.999483 0.00830792 -0.0167921 -0.0261427
1666.pcd -34.3021 5.02694 0.285351 0.999369 0.00661709 -0.0117623 -0.0328545
1667.pcd -33.774 4.97616 0.281007 0.999152 0.0056831 -0.0112135 -0.0391981
1668.pcd -33.2255 4.92472 0.277512 0.998831 0.00600527 -0.00978839 -0.0469506
1669.pcd -32.6586 4.86992 0.266704 0.998726 0.00465689 -0.00876455 -0.0494694
1670.pcd -32.1065 4.80858 0.259594 0.998531 0.00434824 -0.00890853 -0.0532668
1671.pcd -31.5775 4.74859 0.251229 0.998667 0.00512138 -0.00898511 -0.0505784
1672.pcd -30.9737 4.71222 0.243816 0.999469 0.00676981 -0.00881742 -0.0306185
1673.pcd -30.3964 4.67772 0.234979 0.999638 0.00610071 -0.00837537 -0.0248184
1674.pcd -29.7887 4.65052 0.230633 0.999669 0.00599338 -0.00954041 -0.0231497
1675.pcd -29.1864 4.62268 0.22367 0.999665 0.00543324 -0.00823543 -0.0239141
1676.pcd -28.5918 4.5833 0.218453 0.999555 0.00551837 -0.0102263 -0.0274885
1677.pcd -28.0819 4.55493 0.209669 0.999514 0.0057303 -0.00905794 -0.0292674
1678.pcd -27.4579 4.50635 0.202212 0.999447 0.00771009 -0.00945352 -0.0309233
1679.pcd -26.8534 4.46611 0.197222 0.999333 0.0085167 -0.0106961 -0.0338569
1680.pcd -26.2496 4.42086 0.189932 0.999188 0.0104186 -0.0103622 -0.0375099
1681.pcd -25.6404 4.3657 0.180809 0.999101 0.00965462 -0.0072782 -0.0406305
1682.pcd -25.0501 4.31255 0.18199 0.998803 0.00787224 -0.0198968 -0.0439876
1683.pcd -24.4447 4.25279 0.170712 0.998795 0.00729357 -0.0134152 -0.0466429
1684.pcd -23.8884 4.19167 0.166179 0.998661 0.00728956 -0.0104955 -0.050123
1685.pcd -23.3004 4.12667 0.159554 0.998484 0.00211995 -0.0105956 -0.0539764
1686.pcd -22.7083 4.06016 0.15006 0.998392 0.00571403 -0.00775309 -0.0558707
1687.pcd -22.2073 4.0034 0.143425 0.998236 0.00298875 -0.00921986 -0.0585742
1688.pcd -21.6168 3.92829 0.138405 0.998075 0.00516821 -0.0112273 -0.0607711
1689.pcd -21.0635 3.85565 0.134237 0.997935 0.00587648 -0.0120409 -0.0628165
1690.pcd -20.4971 3.7973 0.12744 0.999019 0.00416917 -0.012177 -0.0423767
1691.pcd -19.9173 3.76254 0.122975 0.999532 0.00644035 -0.0134077 -0.02673
1692.pcd -19.4096 3.73715 0.116153 0.999629 0.00688028 -0.00927725 -0.0246797
1693.pcd -18.7991 3.70192 0.113887 0.99959 0.00735497 -0.0119066 -0.02498
1694.pcd -18.2572 3.67674 0.112883 0.999553 0.00611233 -0.0131716 -0.0261162
1695.pcd -17.7437 3.64534 0.10875 0.999502 0.00684265 -0.0103022 -0.0290456
1696.pcd -17.1479 3.60813 0.106508 0.999436 0.00707409 -0.0111023 -0.0308832
1697.pcd -16.6061 3.56712 0.103621 0.999322 0.00889096 -0.0123398 -0.0335168
1698.pcd -15.9751 3.52113 0.0915629 0.999273 0.00569061 -0.00823531 -0.0367951
1699.pcd -15.4625 3.48118 0.0796302 0.999186 0.00474519 -0.00670384 -0.0394838
1700.pcd -14.9461 3.43311 0.0769522 0.999086 0.00506822 -0.0118862 -0.0407554
1701.pcd -14.4409 3.39244 0.0828783 0.999016 0.00522775 -0.0177741 -0.0403016
1702.pcd -13.9209 3.3869 0.0800656 0.999794 0.00642972 -0.0141356 0.0130371
1703.pcd -13.3935 3.43221 0.0764913 0.998981 0.00533105 -0.011089 0.043416
1704.pcd -12.8887 3.48403 0.0735087 0.99847 0.00786822 -0.0128115 0.0532075
1705.pcd -12.3592 3.46218 0.0694415 0.999528 0.00591141 -0.0115776 -0.0278491
1706.pcd -12.3052 3.3975 0.0726323 0.989522 0.00414919 -0.012316 -0.143799
1707.pcd -12.3192 3.34897 0.0707845 0.96469 0.000488421 -0.0109266 -0.263161
1708.pcd -12.3464 3.31118 0.0704018 0.922773 -0.00232716 -0.00896641 -0.385233
1709.pcd -12.3871 3.27598 0.0722149 0.866219 -0.00311976 -0.00911477 -0.499571
1710.pcd -12.4337 3.25499 0.0754298 0.800912 -0.00548106 -0.00791273 -0.598704
1711.pcd -12.4717 3.24568 0.0715279 0.742134 -0.00715658 -0.00796245 -0.670165
1712.pcd -12.4811 2.74249 0.0691092 0.710837 -0.00908391 -0.0109427 -0.703213
1713.pcd -12.5132 2.20382 0.0691248 0.690528 -0.0100094 -0.0127082 -0.723125
1714.pcd -12.5779 1.66204 0.0701973 0.659405 -0.0101231 -0.00729945 -0.751684
1715.pcd -12.6725 1.1094 0.0579631 0.648008 -0.00282513 -0.00211493 -0.761625
1716.pcd -12.6232 1.01259 0.057168 0.729055 -0.00275536 -0.00155067 -0.684448
1717.pcd -12.5522 1.01741 0.0554815 0.810364 -0.00204714 -0.00484587 -0.585903
1718.pcd -12.4965 1.03906 0.0570222 0.876358 0.00138946 -0.00684577 -0.481609
1719.pcd -12.4448 1.07568 0.0610426 0.930667 0.00399479 -0.00764104 -0.365765
1720.pcd -12.4201 1.11518 0.0610203 0.963844 0.00632454 -0.00830023 -0.266262
1721.pcd -12.4135 1.14894 0.0590993 0.984394 0.00786021 -0.00890361 -0.175579
1722.pcd -12.418 1.18541 0.0584447 0.996131 0.0105695 -0.00886216 -0.0867883
1723.pcd -12.4283 1.21229 0.061707 0.999839 0.0118309 -0.0108478 0.0080136
1724.pcd -11.9029 1.2501 0.0627404 0.998931 0.0104597 -0.0124444 0.0432655
1725.pcd -11.3138 1.29993 0.0567659 0.999247 0.00869298 -0.0126375 0.035627
1726.pcd -10.7943 1.28748 0.0538307 0.999757 0.00761648 -0.00933578 -0.0184726
1727.pcd -10.8297 1.26292 0.054181 0.99286 0.00747586 -0.0115357 -0.118488
1728.pcd -10.3405 1.09697 0.0492243 0.987977 0.00375572 -0.00913862 -0.154283
1729.pcd -10.0231 1.03886 0.0467487 0.998015 0.00498215 -0.0108599 -0.0618391
1730.pcd -9.71556 1.08306 0.0491955 0.999551 0.00236566 -0.0122638 0.0272342
1731.pcd -9.33208 1.03757 0.0472397 0.998074 0.00607821 -0.0142995 -0.06006
1732.pcd -8.79608 0.944041 0.0411492 0.995979 0.0043291 -0.01259 -0.0885956
1733.pcd -8.24257 0.830893 0.0371233 0.995224 0.00520762 -0.0119985 -0.0967367
1734.pcd -7.68513 0.759279 0.0362183 0.9985 0.00465231 -0.0119821 -0.0532256
1735.pcd -7.09999 0.718646 0.0323479 0.999415 0.00605133 -0.0151337 -0.0300639
1736.pcd -6.51177 0.68519 0.0316471 0.999554 0.007128 -0.0146933 -0.0250201
1737.pcd -6.01225 0.66195 0.0254466 0.999596 0.00641059 -0.0129454 -0.0244616
1738.pcd -5.41035 0.630272 0.0256303 0.999579 0.0080232 -0.0128288 -0.0247581
1739.pcd -4.90238 0.601373 0.0171337 0.99958 0.00654568 -0.007733 -0.0271633
1740.pcd -4.35732 0.56854 0.00995442 0.999497 0.0076095 -0.0105041 -0.0289285
1741.pcd -3.79796 0.532775 0.00683323 0.999331 0.00162883 -0.0140444 -0.0337151
1742.pcd -3.25001 0.496361 0.00876449 0.999203 0.00130005 -0.0164198 -0.0363668
1743.pcd -2.63335 0.443628 0.0059135 0.999131 0.0016353 -0.0144048 -0.0390662
1744.pcd -2.01989 0.387759 0.00554783 0.99897 0.0045578 -0.0165643 -0.0420047
1745.pcd -1.42629 0.332384 -0.00290792 0.998831 0.00610578 -0.0163272 -0.0450814
1746.pcd -0.838723 0.272315 -0.00479839 0.998698 0.00316775 -0.0141766 -0.048897
1747.pcd -0.318854 0.232213 -0.00390402 0.999262 0.00107332 -0.0150189 -0.0353414
1748.pcd 0.242811 0.210315 -0.00328 0.999627 -0.000823675 -0.0161448 -0.0220051
